amostra_id,lote_id,data,umidade_bu_frac,pci_seco_mj_kg,C,H,O,N,S,cinzas,metodo,laboratorio,origem_dado
A-0001,L-0001,2026-08-03T10:32:00-03:00,0.345,,,,,,,,estufa_ISO18134,interno,sintetico
A-0002,L-0002,2026-08-03T13:48:00-03:00,0.397,,,,,,,,estufa_ISO18134,interno,sintetico
A-0003,L-0003,2026-08-03T16:22:00-03:00,0.419,,,,,,,,estufa_ISO18134,interno,sintetico
A-0004,L-0004,2026-08-03T19:12:00-03:00,0.438,,,,,,,,estufa_ISO18134,interno,sintetico
A-0005,L-0005,2026-08-04T10:32:00-03:00,0.368,,,,,,,,estufa_ISO18134,interno,sintetico
A-0006,L-0006,2026-08-04T13:30:00-03:00,0.464,,,,,,,,estufa_ISO18134,interno,sintetico
A-0007,L-0007,2026-08-04T16:03:00-03:00,0.399,,,,,,,,estufa_ISO18134,interno,sintetico
A-0009,L-0009,2026-08-05T13:23:00-03:00,0.376,,,,,,,,estufa_ISO18134,interno,sintetico
A-0010,L-0010,2026-08-05T16:23:00-03:00,0.463,,,,,,,,estufa_ISO18134,interno,sintetico
A-0011,L-0011,2026-08-05T19:44:00-03:00,0.468,,,,,,,,estufa_ISO18134,interno,sintetico
LAB-F1-02,L-0009,2026-08-05T18:00:00-03:00,,18.16,0.4977,0.0608,0.4316,0.0030,0.0005,0.0065,analise_elementar_e_calorimetria,LAB-SINT,sintetico
LAB-F2-02,L-0011,2026-08-05T18:00:00-03:00,,18.56,0.4988,0.0606,0.4307,0.0030,0.0005,0.0065,analise_elementar_e_calorimetria,LAB-SINT,sintetico
LAB-F3-02,L-0008,2026-08-05T18:00:00-03:00,,18.31,0.5017,0.0604,0.4279,0.0030,0.0005,0.0065,analise_elementar_e_calorimetria,LAB-SINT,sintetico
A-0013,L-0013,2026-08-06T13:02:00-03:00,0.435,,,,,,,,estufa_ISO18134,interno,sintetico
A-0015,L-0015,2026-08-06T19:30:00-03:00,0.431,,,,,,,,estufa_ISO18134,interno,sintetico
A-0016,L-0016,2026-08-07T10:11:00-03:00,0.422,,,,,,,,estufa_ISO18134,interno,sintetico
A-0017,L-0017,2026-08-07T13:31:00-03:00,0.413,,,,,,,,estufa_ISO18134,interno,sintetico
A-0018,L-0018,2026-08-07T16:40:00-03:00,0.453,,,,,,,,estufa_ISO18134,interno,sintetico
A-0019,L-0019,2026-08-08T10:00:00-03:00,0.455,,,,,,,,estufa_ISO18134,interno,sintetico
A-0020,L-0020,2026-08-08T13:11:00-03:00,0.411,,,,,,,,estufa_ISO18134,interno,sintetico
A-0021,L-0021,2026-08-08T16:29:00-03:00,0.442,,,,,,,,estufa_ISO18134,interno,sintetico
A-0022,L-0022,2026-08-08T19:24:00-03:00,0.470,,,,,,,,estufa_ISO18134,interno,sintetico
A-0023,L-0023,2026-08-09T10:09:00-03:00,0.372,,,,,,,,estufa_ISO18134,interno,sintetico
A-0024,L-0024,2026-08-09T13:44:00-03:00,0.378,,,,,,,,estufa_ISO18134,interno,sintetico
A-0026,L-0026,2026-08-09T19:12:00-03:00,0.428,,,,,,,,estufa_ISO18134,interno,sintetico
A-0027,L-0027,2026-08-10T10:30:00-03:00,0.458,,,,,,,,estufa_ISO18134,interno,sintetico
A-0028,L-0028,2026-08-10T13:35:00-03:00,0.455,,,,,,,,estufa_ISO18134,interno,sintetico
A-0029,L-0029,2026-08-10T16:02:00-03:00,0.430,,,,,,,,estufa_ISO18134,interno,sintetico
A-0030,L-0030,2026-08-10T19:33:00-03:00,0.461,,,,,,,,estufa_ISO18134,interno,sintetico
A-0031,L-0031,2026-08-11T10:06:00-03:00,0.455,,,,,,,,estufa_ISO18134,interno,sintetico
A-0032,L-0032,2026-08-11T13:45:00-03:00,0.471,,,,,,,,estufa_ISO18134,interno,sintetico
A-0033,L-0033,2026-08-11T16:39:00-03:00,0.457,,,,,,,,estufa_ISO18134,interno,sintetico
A-0034,L-0034,2026-08-11T19:38:00-03:00,0.446,,,,,,,,estufa_ISO18134,interno,sintetico
A-0035,L-0035,2026-08-12T10:07:00-03:00,0.455,,,,,,,,estufa_ISO18134,interno,sintetico
A-0036,L-0036,2026-08-12T13:25:00-03:00,0.382,,,,,,,,estufa_ISO18134,interno,sintetico
A-0037,L-0037,2026-08-12T16:02:00-03:00,0.418,,,,,,,,estufa_ISO18134,interno,sintetico
A-0038,L-0038,2026-08-12T19:45:00-03:00,0.428,,,,,,,,estufa_ISO18134,interno,sintetico
LAB-F1-09,L-0036,2026-08-12T18:00:00-03:00,,18.75,0.5043,0.0599,0.4257,0.0030,0.0005,0.0065,analise_elementar_e_calorimetria,LAB-SINT,sintetico
LAB-F2-09,L-0038,2026-08-12T18:00:00-03:00,,18.55,0.4950,0.0611,0.4339,0.0030,0.0005,0.0065,analise_elementar_e_calorimetria,LAB-SINT,sintetico
LAB-F3-09,L-0037,2026-08-12T18:00:00-03:00,,18.83,0.4956,0.0604,0.4339,0.0030,0.0005,0.0065,analise_elementar_e_calorimetria,LAB-SINT,sintetico
A-0039,L-0039,2026-08-13T10:15:00-03:00,0.389,,,,,,,,estufa_ISO18134,interno,sintetico
A-0040,L-0040,2026-08-13T13:48:00-03:00,0.476,,,,,,,,estufa_ISO18134,interno,sintetico
A-0041,L-0041,2026-08-13T16:37:00-03:00,0.454,,,,,,,,estufa_ISO18134,interno,sintetico
A-0043,L-0043,2026-08-14T10:18:00-03:00,0.446,,,,,,,,estufa_ISO18134,interno,sintetico
A-0044,L-0044,2026-08-14T13:07:00-03:00,0.375,,,,,,,,estufa_ISO18134,interno,sintetico
A-0045,L-0045,2026-08-14T16:01:00-03:00,0.435,,,,,,,,estufa_ISO18134,interno,sintetico
A-0046,L-0046,2026-08-14T19:10:00-03:00,0.444,,,,,,,,estufa_ISO18134,interno,sintetico
A-0047,L-0047,2026-08-15T10:24:00-03:00,0.381,,,,,,,,estufa_ISO18134,interno,sintetico
A-0048,L-0048,2026-08-15T13:01:00-03:00,0.419,,,,,,,,estufa_ISO18134,interno,sintetico
A-0049,L-0049,2026-08-15T16:36:00-03:00,0.465,,,,,,,,estufa_ISO18134,interno,sintetico
A-0050,L-0050,2026-08-16T10:06:00-03:00,0.459,,,,,,,,estufa_ISO18134,interno,sintetico
A-0051,L-0051,2026-08-16T13:05:00-03:00,0.388,,,,,,,,estufa_ISO18134,interno,sintetico
A-0052,L-0052,2026-08-16T16:32:00-03:00,0.443,,,,,,,,estufa_ISO18134,interno,sintetico
A-0053,L-0053,2026-08-16T19:15:00-03:00,0.400,,,,,,,,estufa_ISO18134,interno,sintetico
A-0054,L-0054,2026-08-17T10:19:00-03:00,0.382,,,,,,,,estufa_ISO18134,interno,sintetico
A-0055,L-0055,2026-08-17T13:14:00-03:00,0.451,,,,,,,,estufa_ISO18134,interno,sintetico
A-0056,L-0056,2026-08-17T16:04:00-03:00,0.367,,,,,,,,estufa_ISO18134,interno,sintetico
A-0057,L-0057,2026-08-18T10:42:00-03:00,0.467,,,,,,,,estufa_ISO18134,interno,sintetico
A-0058,L-0058,2026-08-18T13:00:00-03:00,0.475,,,,,,,,estufa_ISO18134,interno,sintetico
A-0059,L-0059,2026-08-18T16:43:00-03:00,0.454,,,,,,,,estufa_ISO18134,interno,sintetico
A-0060,L-0060,2026-08-18T19:46:00-03:00,0.423,,,,,,,,estufa_ISO18134,interno,sintetico
A-0061,L-0061,2026-08-19T10:01:00-03:00,0.382,,,,,,,,estufa_ISO18134,interno,sintetico
A-0062,L-0062,2026-08-19T13:40:00-03:00,0.457,,,,,,,,estufa_ISO18134,interno,sintetico
A-0063,L-0063,2026-08-19T16:20:00-03:00,0.378,,,,,,,,estufa_ISO18134,interno,sintetico
A-0064,L-0064,2026-08-19T19:12:00-03:00,0.448,,,,,,,,estufa_ISO18134,interno,sintetico
LAB-F1-16,L-0063,2026-08-19T18:00:00-03:00,,18.44,0.4964,0.0627,0.4308,0.0030,0.0005,0.0065,analise_elementar_e_calorimetria,LAB-SINT,sintetico
LAB-F2-16,L-0060,2026-08-19T18:00:00-03:00,,18.51,0.4999,0.0612,0.4289,0.0030,0.0005,0.0065,analise_elementar_e_calorimetria,LAB-SINT,sintetico
LAB-F3-16,L-0064,2026-08-19T18:00:00-03:00,,18.56,0.5057,0.0627,0.4216,0.0030,0.0005,0.0065,analise_elementar_e_calorimetria,LAB-SINT,sintetico
A-0065,L-0065,2026-08-20T10:12:00-03:00,0.446,,,,,,,,estufa_ISO18134,interno,sintetico
A-0066,L-0066,2026-08-20T13:40:00-03:00,0.439,,,,,,,,estufa_ISO18134,interno,sintetico
A-0067,L-0067,2026-08-20T16:04:00-03:00,0.451,,,,,,,,estufa_ISO18134,interno,sintetico
A-0068,L-0068,2026-08-21T10:30:00-03:00,0.461,,,,,,,,estufa_ISO18134,interno,sintetico
A-0069,L-0069,2026-08-21T13:25:00-03:00,0.450,,,,,,,,estufa_ISO18134,interno,sintetico
A-0070,L-0070,2026-08-21T16:41:00-03:00,0.387,,,,,,,,estufa_ISO18134,interno,sintetico
A-0071,L-0071,2026-08-21T19:20:00-03:00,0.372,,,,,,,,estufa_ISO18134,interno,sintetico
A-0073,L-0073,2026-08-22T13:06:00-03:00,0.436,,,,,,,,estufa_ISO18134,interno,sintetico
A-0074,L-0074,2026-08-22T16:17:00-03:00,0.447,,,,,,,,estufa_ISO18134,interno,sintetico
A-0075,L-0075,2026-08-22T19:23:00-03:00,0.454,,,,,,,,estufa_ISO18134,interno,sintetico
A-0076,L-0076,2026-08-23T10:32:00-03:00,0.358,,,,,,,,estufa_ISO18134,interno,sintetico
A-0077,L-0077,2026-08-23T13:48:00-03:00,0.383,,,,,,,,estufa_ISO18134,interno,sintetico
A-0078,L-0078,2026-08-23T16:23:00-03:00,0.406,,,,,,,,estufa_ISO18134,interno,sintetico
A-0079,L-0079,2026-08-23T19:03:00-03:00,0.470,,,,,,,,estufa_ISO18134,interno,sintetico
A-0080,L-0080,2026-08-24T10:41:00-03:00,0.404,,,,,,,,estufa_ISO18134,interno,sintetico
A-0081,L-0081,2026-08-24T13:48:00-03:00,0.481,,,,,,,,estufa_ISO18134,interno,sintetico
A-0082,L-0082,2026-08-24T16:48:00-03:00,0.391,,,,,,,,estufa_ISO18134,interno,sintetico
A-0083,L-0083,2026-08-24T19:13:00-03:00,0.373,,,,,,,,estufa_ISO18134,interno,sintetico
A-0084,L-0084,2026-08-25T10:22:00-03:00,0.462,,,,,,,,estufa_ISO18134,interno,sintetico
A-0085,L-0085,2026-08-25T13:37:00-03:00,0.445,,,,,,,,estufa_ISO18134,interno,sintetico
A-0086,L-0086,2026-08-25T16:14:00-03:00,0.395,,,,,,,,estufa_ISO18134,interno,sintetico
A-0087,L-0087,2026-08-26T10:02:00-03:00,0.485,,,,,,,,estufa_ISO18134,interno,sintetico
A-0088,L-0088,2026-08-26T13:07:00-03:00,0.373,,,,,,,,estufa_ISO18134,interno,sintetico
A-0089,L-0089,2026-08-26T16:12:00-03:00,0.435,,,,,,,,estufa_ISO18134,interno,sintetico
A-0090,L-0090,2026-08-26T19:08:00-03:00,0.476,,,,,,,,estufa_ISO18134,interno,sintetico
LAB-F1-23,L-0088,2026-08-26T18:00:00-03:00,,18.40,0.4989,0.0616,0.4295,0.0030,0.0005,0.0065,analise_elementar_e_calorimetria,LAB-SINT,sintetico
LAB-F2-23,L-0089,2026-08-26T18:00:00-03:00,,18.57,0.5039,0.0602,0.4259,0.0030,0.0005,0.0065,analise_elementar_e_calorimetria,LAB-SINT,sintetico
LAB-F3-23,L-0090,2026-08-26T18:00:00-03:00,,18.73,0.5005,0.0610,0.4285,0.0030,0.0005,0.0065,analise_elementar_e_calorimetria,LAB-SINT,sintetico
A-0091,L-0091,2026-08-27T10:02:00-03:00,0.488,,,,,,,,estufa_ISO18134,interno,sintetico
A-0092,L-0092,2026-08-27T13:32:00-03:00,0.378,,,,,,,,estufa_ISO18134,interno,sintetico
A-0093,L-0093,2026-08-27T16:05:00-03:00,0.435,,,,,,,,estufa_ISO18134,interno,sintetico
A-0094,L-0094,2026-08-27T19:28:00-03:00,0.374,,,,,,,,estufa_ISO18134,interno,sintetico
A-0095,L-0095,2026-08-28T10:19:00-03:00,0.462,,,,,,,,estufa_ISO18134,interno,sintetico
A-0096,L-0096,2026-08-28T13:09:00-03:00,0.474,,,,,,,,estufa_ISO18134,interno,sintetico
A-0097,L-0097,2026-08-28T16:16:00-03:00,0.486,,,,,,,,estufa_ISO18134,interno,sintetico
A-0098,L-0098,2026-08-28T19:16:00-03:00,0.497,,,,,,,,estufa_ISO18134,interno,sintetico
A-0099,L-0099,2026-08-29T10:06:00-03:00,0.454,,,,,,,,estufa_ISO18134,interno,sintetico
A-0100,L-0100,2026-08-29T13:49:00-03:00,0.473,,,,,,,,estufa_ISO18134,interno,sintetico
A-0101,L-0101,2026-08-29T16:03:00-03:00,0.472,,,,,,,,estufa_ISO18134,interno,sintetico
A-0102,L-0102,2026-08-29T19:03:00-03:00,0.377,,,,,,,,estufa_ISO18134,interno,sintetico
A-0103,L-0103,2026-08-30T10:39:00-03:00,0.487,,,,,,,,estufa_ISO18134,interno,sintetico
A-0104,L-0104,2026-08-30T13:25:00-03:00,0.451,,,,,,,,estufa_ISO18134,interno,sintetico
A-0105,L-0105,2026-08-30T16:01:00-03:00,0.385,,,,,,,,estufa_ISO18134,interno,sintetico
A-0106,L-0106,2026-08-30T19:42:00-03:00,0.459,,,,,,,,estufa_ISO18134,interno,sintetico
A-0107,L-0107,2026-08-31T10:46:00-03:00,0.405,,,,,,,,estufa_ISO18134,interno,sintetico
A-0108,L-0108,2026-08-31T13:11:00-03:00,0.405,,,,,,,,estufa_ISO18134,interno,sintetico
A-0109,L-0109,2026-08-31T16:37:00-03:00,0.442,,,,,,,,estufa_ISO18134,interno,sintetico
A-0110,L-0110,2026-08-31T19:19:00-03:00,0.368,,,,,,,,estufa_ISO18134,interno,sintetico
A-0111,L-0111,2026-09-01T10:04:00-03:00,0.450,,,,,,,,estufa_ISO18134,interno,sintetico
A-0112,L-0112,2026-09-01T13:29:00-03:00,0.422,,,,,,,,estufa_ISO18134,interno,sintetico
A-0113,L-0113,2026-09-01T16:46:00-03:00,0.366,,,,,,,,estufa_ISO18134,interno,sintetico
A-0114,L-0114,2026-09-01T19:41:00-03:00,0.469,,,,,,,,estufa_ISO18134,interno,sintetico
A-0115,L-0115,2026-09-02T10:25:00-03:00,0.463,,,,,,,,estufa_ISO18134,interno,sintetico
A-0116,L-0116,2026-09-02T13:09:00-03:00,0.486,,,,,,,,estufa_ISO18134,interno,sintetico
A-0117,L-0117,2026-09-02T16:04:00-03:00,0.373,,,,,,,,estufa_ISO18134,interno,sintetico
A-0118,L-0118,2026-09-02T19:43:00-03:00,0.436,,,,,,,,estufa_ISO18134,interno,sintetico
LAB-F1-30,L-0117,2026-09-02T18:00:00-03:00,,18.40,0.5019,0.0598,0.4283,0.0030,0.0005,0.0065,analise_elementar_e_calorimetria,LAB-SINT,sintetico
LAB-F2-30,L-0118,2026-09-02T18:00:00-03:00,,18.34,0.5007,0.0602,0.4292,0.0030,0.0005,0.0065,analise_elementar_e_calorimetria,LAB-SINT,sintetico
LAB-F3-30,L-0115,2026-09-02T18:00:00-03:00,,18.35,0.4951,0.0607,0.4342,0.0030,0.0005,0.0065,analise_elementar_e_calorimetria,LAB-SINT,sintetico
A-0119,L-0119,2026-09-03T10:45:00-03:00,0.374,,,,,,,,estufa_ISO18134,interno,sintetico
A-0120,L-0120,2026-09-03T13:37:00-03:00,0.464,,,,,,,,estufa_ISO18134,interno,sintetico
A-0121,L-0121,2026-09-03T16:28:00-03:00,0.359,,,,,,,,estufa_ISO18134,interno,sintetico
A-0122,L-0122,2026-09-03T19:45:00-03:00,0.376,,,,,,,,estufa_ISO18134,interno,sintetico
A-0123,L-0123,2026-09-04T10:48:00-03:00,0.439,,,,,,,,estufa_ISO18134,interno,sintetico
A-0124,L-0124,2026-09-04T13:48:00-03:00,0.370,,,,,,,,estufa_ISO18134,interno,sintetico
A-0125,L-0125,2026-09-04T16:36:00-03:00,0.502,,,,,,,,estufa_ISO18134,interno,sintetico
A-0127,L-0127,2026-09-05T13:19:00-03:00,0.434,,,,,,,,estufa_ISO18134,interno,sintetico
A-0128,L-0128,2026-09-05T16:30:00-03:00,0.357,,,,,,,,estufa_ISO18134,interno,sintetico
A-0129,L-0129,2026-09-05T19:23:00-03:00,0.466,,,,,,,,estufa_ISO18134,interno,sintetico
A-0130,L-0130,2026-09-06T10:30:00-03:00,0.449,,,,,,,,estufa_ISO18134,interno,sintetico
A-0131,L-0131,2026-09-06T13:44:00-03:00,0.452,,,,,,,,estufa_ISO18134,interno,sintetico
A-0133,L-0133,2026-09-06T19:39:00-03:00,0.396,,,,,,,,estufa_ISO18134,interno,sintetico
A-0134,L-0134,2026-09-07T10:08:00-03:00,0.496,,,,,,,,estufa_ISO18134,interno,sintetico
A-0135,L-0135,2026-09-07T13:19:00-03:00,0.489,,,,,,,,estufa_ISO18134,interno,sintetico
A-0136,L-0136,2026-09-07T16:37:00-03:00,0.367,,,,,,,,estufa_ISO18134,interno,sintetico
A-0137,L-0137,2026-09-07T19:07:00-03:00,0.495,,,,,,,,estufa_ISO18134,interno,sintetico
A-0138,L-0138,2026-09-08T10:14:00-03:00,0.360,,,,,,,,estufa_ISO18134,interno,sintetico
A-0139,L-0139,2026-09-08T13:33:00-03:00,0.518,,,,,,,,estufa_ISO18134,interno,sintetico
A-0140,L-0140,2026-09-08T16:47:00-03:00,0.453,,,,,,,,estufa_ISO18134,interno,sintetico
A-0141,L-0141,2026-09-08T19:39:00-03:00,0.344,,,,,,,,estufa_ISO18134,interno,sintetico
A-0142,L-0142,2026-09-09T10:25:00-03:00,0.435,,,,,,,,estufa_ISO18134,interno,sintetico
A-0143,L-0143,2026-09-09T13:30:00-03:00,0.493,,,,,,,,estufa_ISO18134,interno,sintetico
A-0144,L-0144,2026-09-09T16:24:00-03:00,0.478,,,,,,,,estufa_ISO18134,interno,sintetico
A-0145,L-0145,2026-09-09T19:36:00-03:00,0.359,,,,,,,,estufa_ISO18134,interno,sintetico
LAB-F1-37,L-0145,2026-09-09T18:00:00-03:00,,18.30,0.4951,0.0606,0.4343,0.0030,0.0005,0.0065,analise_elementar_e_calorimetria,LAB-SINT,sintetico
LAB-F2-37,L-0144,2026-09-09T18:00:00-03:00,,18.64,0.5032,0.0602,0.4265,0.0030,0.0005,0.0065,analise_elementar_e_calorimetria,LAB-SINT,sintetico
LAB-F3-37,L-0139,2026-09-09T18:00:00-03:00,,18.31,0.5036,0.0585,0.4279,0.0030,0.0005,0.0065,analise_elementar_e_calorimetria,LAB-SINT,sintetico
A-0146,L-0146,2026-09-10T10:19:00-03:00,0.418,,,,,,,,estufa_ISO18134,interno,sintetico
A-0147,L-0147,2026-09-10T13:36:00-03:00,0.486,,,,,,,,estufa_ISO18134,interno,sintetico
A-0148,L-0148,2026-09-10T16:32:00-03:00,0.508,,,,,,,,estufa_ISO18134,interno,sintetico
A-0149,L-0149,2026-09-10T19:37:00-03:00,0.510,,,,,,,,estufa_ISO18134,interno,sintetico
A-0150,L-0150,2026-09-11T10:29:00-03:00,0.460,,,,,,,,estufa_ISO18134,interno,sintetico
A-0151,L-0151,2026-09-11T13:21:00-03:00,0.368,,,,,,,,estufa_ISO18134,interno,sintetico
A-0153,L-0153,2026-09-11T19:43:00-03:00,0.480,,,,,,,,estufa_ISO18134,interno,sintetico
A-0154,L-0154,2026-09-12T10:30:00-03:00,0.512,,,,,,,,estufa_ISO18134,interno,sintetico
A-0155,L-0155,2026-09-12T13:04:00-03:00,0.419,,,,,,,,estufa_ISO18134,interno,sintetico
A-0156,L-0156,2026-09-12T16:00:00-03:00,0.512,,,,,,,,estufa_ISO18134,interno,sintetico
A-0157,L-0157,2026-09-12T19:37:00-03:00,0.369,,,,,,,,estufa_ISO18134,interno,sintetico
A-0158,L-0158,2026-09-13T10:48:00-03:00,0.503,,,,,,,,estufa_ISO18134,interno,sintetico
A-0159,L-0159,2026-09-13T13:11:00-03:00,0.492,,,,,,,,estufa_ISO18134,interno,sintetico
A-0160,L-0160,2026-09-13T16:01:00-03:00,0.396,,,,,,,,estufa_ISO18134,interno,sintetico
A-0161,L-0161,2026-09-13T19:24:00-03:00,0.438,,,,,,,,estufa_ISO18134,interno,sintetico
A-0162,L-0162,2026-09-14T10:47:00-03:00,0.532,,,,,,,,estufa_ISO18134,interno,sintetico
A-0163,L-0163,2026-09-14T13:34:00-03:00,0.432,,,,,,,,estufa_ISO18134,interno,sintetico
A-0164,L-0164,2026-09-14T16:27:00-03:00,0.510,,,,,,,,estufa_ISO18134,interno,sintetico
A-0165,L-0165,2026-09-14T19:15:00-03:00,0.396,,,,,,,,estufa_ISO18134,interno,sintetico
A-0166,L-0166,2026-09-15T10:11:00-03:00,0.444,,,,,,,,estufa_ISO18134,interno,sintetico
A-0167,L-0167,2026-09-15T13:16:00-03:00,0.383,,,,,,,,estufa_ISO18134,interno,sintetico
A-0168,L-0168,2026-09-15T16:10:00-03:00,0.361,,,,,,,,estufa_ISO18134,interno,sintetico
A-0169,L-0169,2026-09-15T19:13:00-03:00,0.444,,,,,,,,estufa_ISO18134,interno,sintetico
A-0170,L-0170,2026-09-16T10:22:00-03:00,0.452,,,,,,,,estufa_ISO18134,interno,sintetico
A-0172,L-0172,2026-09-16T16:08:00-03:00,0.470,,,,,,,,estufa_ISO18134,interno,sintetico
A-0173,L-0173,2026-09-16T19:34:00-03:00,0.498,,,,,,,,estufa_ISO18134,interno,sintetico
LAB-F1-44,L-0168,2026-09-16T18:00:00-03:00,,18.62,0.4986,0.0579,0.4335,0.0030,0.0005,0.0065,analise_elementar_e_calorimetria,LAB-SINT,sintetico
LAB-F2-44,L-0172,2026-09-16T18:00:00-03:00,,18.71,0.5001,0.0612,0.4287,0.0030,0.0005,0.0065,analise_elementar_e_calorimetria,LAB-SINT,sintetico
LAB-F3-44,L-0173,2026-09-16T18:00:00-03:00,,18.67,0.5006,0.0605,0.4289,0.0030,0.0005,0.0065,analise_elementar_e_calorimetria,LAB-SINT,sintetico
A-0174,L-0174,2026-09-17T10:15:00-03:00,0.395,,,,,,,,estufa_ISO18134,interno,sintetico
A-0175,L-0175,2026-09-17T13:09:00-03:00,0.516,,,,,,,,estufa_ISO18134,interno,sintetico
A-0177,L-0177,2026-09-17T19:27:00-03:00,0.367,,,,,,,,estufa_ISO18134,interno,sintetico
A-0178,L-0178,2026-09-18T10:30:00-03:00,0.456,,,,,,,,estufa_ISO18134,interno,sintetico
A-0179,L-0179,2026-09-18T13:22:00-03:00,0.448,,,,,,,,estufa_ISO18134,interno,sintetico
A-0180,L-0180,2026-09-18T16:04:00-03:00,0.406,,,,,,,,estufa_ISO18134,interno,sintetico
A-0181,L-0181,2026-09-18T19:23:00-03:00,0.504,,,,,,,,estufa_ISO18134,interno,sintetico
A-0182,L-0182,2026-09-19T10:08:00-03:00,0.361,,,,,,,,estufa_ISO18134,interno,sintetico
A-0183,L-0183,2026-09-19T13:16:00-03:00,0.434,,,,,,,,estufa_ISO18134,interno,sintetico
A-0184,L-0184,2026-09-19T16:08:00-03:00,0.441,,,,,,,,estufa_ISO18134,interno,sintetico
A-0185,L-0185,2026-09-19T19:49:00-03:00,0.398,,,,,,,,estufa_ISO18134,interno,sintetico
A-0186,L-0186,2026-09-20T10:03:00-03:00,0.367,,,,,,,,estufa_ISO18134,interno,sintetico
A-0187,L-0187,2026-09-20T13:18:00-03:00,0.391,,,,,,,,estufa_ISO18134,interno,sintetico
A-0188,L-0188,2026-09-20T16:27:00-03:00,0.452,,,,,,,,estufa_ISO18134,interno,sintetico
A-0192,L-0192,2026-09-21T16:28:00-03:00,0.494,,,,,,,,estufa_ISO18134,interno,sintetico
A-0193,L-0193,2026-09-22T10:07:00-03:00,0.436,,,,,,,,estufa_ISO18134,interno,sintetico
A-0194,L-0194,2026-09-22T13:30:00-03:00,0.425,,,,,,,,estufa_ISO18134,interno,sintetico
A-0195,L-0195,2026-09-22T16:03:00-03:00,0.525,,,,,,,,estufa_ISO18134,interno,sintetico
A-0196,L-0196,2026-09-22T19:45:00-03:00,0.519,,,,,,,,estufa_ISO18134,interno,sintetico
A-0197,L-0197,2026-09-23T10:44:00-03:00,0.533,,,,,,,,estufa_ISO18134,interno,sintetico
A-0198,L-0198,2026-09-23T13:23:00-03:00,0.382,,,,,,,,estufa_ISO18134,interno,sintetico
A-0199,L-0199,2026-09-23T16:17:00-03:00,0.460,,,,,,,,estufa_ISO18134,interno,sintetico
A-0200,L-0200,2026-09-23T19:08:00-03:00,0.534,,,,,,,,estufa_ISO18134,interno,sintetico
LAB-F1-51,L-0198,2026-09-23T18:00:00-03:00,,18.27,0.4969,0.0589,0.4342,0.0030,0.0005,0.0065,analise_elementar_e_calorimetria,LAB-SINT,sintetico
LAB-F2-51,L-0199,2026-09-23T18:00:00-03:00,,18.30,0.5027,0.0590,0.4283,0.0030,0.0005,0.0065,analise_elementar_e_calorimetria,LAB-SINT,sintetico
LAB-F3-51,L-0200,2026-09-23T18:00:00-03:00,,18.43,0.5041,0.0609,0.4249,0.0030,0.0005,0.0065,analise_elementar_e_calorimetria,LAB-SINT,sintetico
A-0201,L-0201,2026-09-24T10:44:00-03:00,0.443,,,,,,,,estufa_ISO18134,interno,sintetico
A-0202,L-0202,2026-09-24T13:01:00-03:00,0.486,,,,,,,,estufa_ISO18134,interno,sintetico
A-0203,L-0203,2026-09-24T16:37:00-03:00,0.531,,,,,,,,estufa_ISO18134,interno,sintetico
A-0204,L-0204,2026-09-24T19:36:00-03:00,0.434,,,,,,,,estufa_ISO18134,interno,sintetico
A-0205,L-0205,2026-09-25T10:48:00-03:00,0.557,,,,,,,,estufa_ISO18134,interno,sintetico
A-0206,L-0206,2026-09-25T13:46:00-03:00,0.514,,,,,,,,estufa_ISO18134,interno,sintetico
A-0207,L-0207,2026-09-25T16:36:00-03:00,0.442,,,,,,,,estufa_ISO18134,interno,sintetico
A-0208,L-0208,2026-09-25T19:17:00-03:00,0.556,,,,,,,,estufa_ISO18134,interno,sintetico
A-0209,L-0209,2026-09-26T10:11:00-03:00,0.428,,,,,,,,estufa_ISO18134,interno,sintetico
A-0210,L-0210,2026-09-26T13:40:00-03:00,0.461,,,,,,,,estufa_ISO18134,interno,sintetico
A-0211,L-0211,2026-09-26T16:46:00-03:00,0.541,,,,,,,,estufa_ISO18134,interno,sintetico
A-0212,L-0212,2026-09-26T19:07:00-03:00,0.400,,,,,,,,estufa_ISO18134,interno,sintetico
A-0213,L-0213,2026-09-27T10:17:00-03:00,0.367,,,,,,,,estufa_ISO18134,interno,sintetico
A-0214,L-0214,2026-09-27T13:43:00-03:00,0.478,,,,,,,,estufa_ISO18134,interno,sintetico
A-0215,L-0215,2026-09-27T16:26:00-03:00,0.533,,,,,,,,estufa_ISO18134,interno,sintetico
A-0216,L-0216,2026-09-27T19:04:00-03:00,0.379,,,,,,,,estufa_ISO18134,interno,sintetico
