data,tipo,fornecedor_id,lote_id,massa_kg,volume_m3,densidade_kg_m3,origem_densidade,preco_brl,origem_dado
2026-08-03T07:30:00-03:00,estoque,,,262400,,,,,sintetico
2026-08-03T09:32:00-03:00,recebimento,F1,L-0001,34660,,,,6282.53,sintetico
2026-08-03T12:48:00-03:00,recebimento,F3,L-0002,29080,,,,4651.04,sintetico
2026-08-03T15:22:00-03:00,recebimento,F3,L-0003,29250,,,,4759.22,sintetico
2026-08-03T18:12:00-03:00,recebimento,F2,L-0004,33480,,,,5651.60,sintetico
2026-08-04T09:32:00-03:00,recebimento,F1,L-0005,30450,,,,5522.01,sintetico
2026-08-04T12:30:00-03:00,recebimento,F2,L-0006,30960,,,,5352.22,sintetico
2026-08-04T15:03:00-03:00,recebimento,F1,L-0007,29530,,,,5252.82,sintetico
2026-08-05T09:31:00-03:00,recebimento,F3,L-0008,28090,,,,4523.72,sintetico
2026-08-05T12:23:00-03:00,recebimento,F1,L-0009,30330,,,,5532.23,sintetico
2026-08-05T15:23:00-03:00,recebimento,F2,L-0010,30450,,,,5159.24,sintetico
2026-08-05T18:44:00-03:00,recebimento,F2,L-0011,32090,,,,5510.14,sintetico
2026-08-06T09:44:00-03:00,recebimento,F3,L-0012,31940,,,,5129.83,sintetico
2026-08-06T12:02:00-03:00,recebimento,F2,L-0013,28490,,,,4739.66,sintetico
2026-08-06T15:33:00-03:00,recebimento,F3,L-0014,31520,,,,5024.36,sintetico
2026-08-06T18:30:00-03:00,recebimento,F3,L-0015,30810,,,,4849.66,sintetico
2026-08-07T09:11:00-03:00,recebimento,F2,L-0016,29180,,,,5043.60,sintetico
2026-08-07T12:31:00-03:00,recebimento,F3,L-0017,29400,,,,4714.19,sintetico
2026-08-07T15:40:00-03:00,recebimento,F3,L-0018,29630,,,,4657.79,sintetico
2026-08-08T09:00:00-03:00,recebimento,F3,L-0019,28400,,,,4649.00,sintetico
2026-08-08T12:11:00-03:00,recebimento,F3,L-0020,28700,,,,4459.75,sintetico
2026-08-08T15:29:00-03:00,recebimento,F2,L-0021,32110,,,,5393.92,sintetico
2026-08-08T18:24:00-03:00,recebimento,F2,L-0022,29840,,,,5140.75,sintetico
2026-08-09T09:09:00-03:00,recebimento,F1,L-0023,31810,,,,5795.58,sintetico
2026-08-09T12:44:00-03:00,recebimento,F1,L-0024,29820,,,,5507.86,sintetico
2026-08-09T15:40:00-03:00,recebimento,F1,L-0025,27980,,,,5053.86,sintetico
2026-08-09T18:12:00-03:00,recebimento,F3,L-0026,28500,,,,4622.63,sintetico
2026-08-10T07:30:00-03:00,estoque,,,277200,,,,,sintetico
2026-08-10T09:30:00-03:00,recebimento,F2,L-0027,30360,,,,5028.77,sintetico
2026-08-10T12:35:00-03:00,recebimento,F2,L-0028,30540,,,,5130.75,sintetico
2026-08-10T15:02:00-03:00,recebimento,F3,L-0029,27500,,,,4532.42,sintetico
2026-08-10T18:33:00-03:00,recebimento,F2,L-0030,30730,,,,5136.62,sintetico
2026-08-11T09:06:00-03:00,recebimento,F2,L-0031,31830,,,,5390.42,sintetico
2026-08-11T12:45:00-03:00,recebimento,F2,L-0032,29420,,,,5126.06,sintetico
2026-08-11T15:39:00-03:00,recebimento,F3,L-0033,31280,,,,4967.65,sintetico
2026-08-11T18:38:00-03:00,recebimento,F3,L-0034,30230,,,,4880.43,sintetico
2026-08-12T09:07:00-03:00,recebimento,F3,L-0035,31130,,,,4974.99,sintetico
2026-08-12T12:25:00-03:00,recebimento,F1,L-0036,29980,,,,5435.10,sintetico
2026-08-12T15:02:00-03:00,recebimento,F3,L-0037,29400,,,,4718.71,sintetico
2026-08-12T18:45:00-03:00,recebimento,F2,L-0038,29860,,,,5146.72,sintetico
2026-08-13T09:15:00-03:00,recebimento,F1,L-0039,29610,,,,5258.53,sintetico
2026-08-13T12:48:00-03:00,recebimento,F2,L-0040,28740,,,,4829.85,sintetico
2026-08-13T15:37:00-03:00,recebimento,F3,L-0041,30210,,,,4793.74,sintetico
2026-08-13T18:14:00-03:00,recebimento,F2,L-0042,29630,,,,5055.67,sintetico
2026-08-14T09:18:00-03:00,recebimento,F3,L-0043,32070,,,,5057.22,sintetico
2026-08-14T12:07:00-03:00,recebimento,F1,L-0044,32940,,,,6021.13,sintetico
2026-08-14T15:01:00-03:00,recebimento,F3,L-0045,29580,,,,4761.29,sintetico
2026-08-14T18:10:00-03:00,recebimento,F3,L-0046,29260,,,,4672.59,sintetico
2026-08-15T09:24:00-03:00,recebimento,F1,L-0047,30140,,,,5412.95,sintetico
2026-08-15T12:01:00-03:00,recebimento,F3,L-0048,31040,,,,4889.04,sintetico
2026-08-15T15:36:00-03:00,recebimento,F2,L-0049,29400,,,,4932.14,sintetico
2026-08-16T09:06:00-03:00,recebimento,F3,L-0050,31940,,,,5033.02,sintetico
2026-08-16T12:05:00-03:00,recebimento,F1,L-0051,29020,,,,5195.89,sintetico
2026-08-16T15:32:00-03:00,recebimento,F2,L-0052,31150,,,,5293.41,sintetico
2026-08-16T18:15:00-03:00,recebimento,F1,L-0053,28020,,,,5026.13,sintetico
2026-08-17T07:30:00-03:00,estoque,,,289400,,,,,sintetico
2026-08-17T09:19:00-03:00,recebimento,F1,L-0054,28090,,,,4994.73,sintetico
2026-08-17T12:14:00-03:00,recebimento,F2,L-0055,30370,,,,5175.05,sintetico
2026-08-17T15:04:00-03:00,recebimento,F1,L-0056,29910,,,,5297.50,sintetico
2026-08-18T09:42:00-03:00,recebimento,F2,L-0057,31060,,,,5292.77,sintetico
2026-08-18T12:00:00-03:00,recebimento,F3,L-0058,28410,,,,4593.03,sintetico
2026-08-18T15:43:00-03:00,recebimento,F2,L-0059,29650,,,,5079.62,sintetico
2026-08-18T18:46:00-03:00,recebimento,F2,L-0060,29400,,,,5008.58,sintetico
2026-08-19T09:01:00-03:00,recebimento,F1,L-0061,31490,,,,5726.26,sintetico
2026-08-19T12:40:00-03:00,recebimento,F3,L-0062,28360,,,,4474.51,sintetico
2026-08-19T15:20:00-03:00,recebimento,F1,L-0063,31110,,,,5689.84,sintetico
2026-08-19T18:12:00-03:00,recebimento,F3,L-0064,30740,,,,4860.55,sintetico
2026-08-20T09:12:00-03:00,recebimento,F3,L-0065,26540,,,,4270.09,sintetico
2026-08-20T12:40:00-03:00,recebimento,F3,L-0066,30110,,,,4780.29,sintetico
2026-08-20T15:04:00-03:00,recebimento,F2,L-0067,32230,,,,5535.47,sintetico
2026-08-21T09:30:00-03:00,recebimento,F2,L-0068,29440,,,,4904.52,sintetico
2026-08-21T12:25:00-03:00,recebimento,F2,L-0069,28000,,,,4754.70,sintetico
2026-08-21T15:41:00-03:00,recebimento,F1,L-0070,31040,,,,5595.63,sintetico
2026-08-21T18:20:00-03:00,recebimento,F1,L-0071,29490,,,,5326.32,sintetico
2026-08-22T09:11:00-03:00,recebimento,F1,L-0072,30780,,,,5482.54,sintetico
2026-08-22T12:06:00-03:00,recebimento,F2,L-0073,28320,,,,4891.26,sintetico
2026-08-22T15:17:00-03:00,recebimento,F3,L-0074,29940,,,,4840.78,sintetico
2026-08-22T18:23:00-03:00,recebimento,F2,L-0075,29810,,,,5180.93,sintetico
2026-08-23T09:32:00-03:00,recebimento,F1,L-0076,30020,,,,5520.36,sintetico
2026-08-23T12:48:00-03:00,recebimento,F1,L-0077,29880,,,,5465.09,sintetico
2026-08-23T15:23:00-03:00,recebimento,F1,L-0078,27650,,,,4929.44,sintetico
2026-08-23T18:03:00-03:00,recebimento,F3,L-0079,28310,,,,4561.60,sintetico
2026-08-24T07:30:00-03:00,estoque,,,278600,,,,,sintetico
2026-08-24T09:41:00-03:00,recebimento,F1,L-0080,31800,,,,5719.20,sintetico
2026-08-24T12:48:00-03:00,recebimento,F3,L-0081,29410,,,,4792.24,sintetico
2026-08-24T15:48:00-03:00,recebimento,F1,L-0082,29790,,,,5356.87,sintetico
2026-08-24T18:13:00-03:00,recebimento,F1,L-0083,29140,,,,5334.01,sintetico
2026-08-25T09:22:00-03:00,recebimento,F3,L-0084,29750,,,,4726.59,sintetico
2026-08-25T12:37:00-03:00,recebimento,F2,L-0085,30070,,,,5172.06,sintetico
2026-08-25T15:14:00-03:00,recebimento,F1,L-0086,32860,,,,5891.73,sintetico
2026-08-26T09:02:00-03:00,recebimento,F3,L-0087,29070,,,,4645.28,sintetico
2026-08-26T12:07:00-03:00,recebimento,F1,L-0088,26690,,,,4809.95,sintetico
2026-08-26T15:12:00-03:00,recebimento,F2,L-0089,29940,,,,5152.00,sintetico
2026-08-26T18:08:00-03:00,recebimento,F3,L-0090,29410,,,,4648.53,sintetico
2026-08-27T09:02:00-03:00,recebimento,F3,L-0091,29610,,,,4759.99,sintetico
2026-08-27T12:32:00-03:00,recebimento,F1,L-0092,31070,,,,5500.54,sintetico
2026-08-27T15:05:00-03:00,recebimento,F2,L-0093,29900,,,,5023.79,sintetico
2026-08-27T18:28:00-03:00,recebimento,F1,L-0094,28960,,,,5194.29,sintetico
2026-08-28T09:19:00-03:00,recebimento,F3,L-0095,29090,,,,4706.70,sintetico
2026-08-28T12:09:00-03:00,recebimento,F3,L-0096,30260,,,,4845.31,sintetico
2026-08-28T15:16:00-03:00,recebimento,F2,L-0097,29710,,,,5086.28,sintetico
2026-08-28T18:16:00-03:00,recebimento,F3,L-0098,28140,,,,4489.55,sintetico
2026-08-29T09:06:00-03:00,recebimento,F2,L-0099,33080,,,,5734.45,sintetico
2026-08-29T12:49:00-03:00,recebimento,F3,L-0100,29350,,,,4708.93,sintetico
2026-08-29T15:03:00-03:00,recebimento,F2,L-0101,32590,,,,5620.06,sintetico
2026-08-29T18:03:00-03:00,recebimento,F1,L-0102,26810,,,,4785.35,sintetico
2026-08-30T09:39:00-03:00,recebimento,F3,L-0103,29290,,,,4713.42,sintetico
2026-08-30T12:25:00-03:00,recebimento,F2,L-0104,27450,,,,4695.63,sintetico
2026-08-30T15:01:00-03:00,recebimento,F1,L-0105,31900,,,,5813.31,sintetico
2026-08-30T18:42:00-03:00,recebimento,F2,L-0106,30550,,,,5190.91,sintetico
2026-08-31T07:30:00-03:00,estoque,,,281800,,,,,sintetico
2026-08-31T09:46:00-03:00,recebimento,F1,L-0107,30800,,,,5454.91,sintetico
2026-08-31T12:11:00-03:00,recebimento,F1,L-0108,31190,,,,5587.05,sintetico
2026-08-31T15:37:00-03:00,recebimento,F2,L-0109,28550,,,,4825.76,sintetico
2026-08-31T18:19:00-03:00,recebimento,F1,L-0110,27220,,,,4890.34,sintetico
2026-09-01T09:04:00-03:00,recebimento,F2,L-0111,29760,,,,5058.77,sintetico
2026-09-01T12:29:00-03:00,recebimento,F1,L-0112,28370,,,,5054.73,sintetico
2026-09-01T15:46:00-03:00,recebimento,F1,L-0113,31280,,,,5546.41,sintetico
2026-09-01T18:41:00-03:00,recebimento,F3,L-0114,28940,,,,4541.14,sintetico
2026-09-02T09:25:00-03:00,recebimento,F3,L-0115,30530,,,,4884.04,sintetico
2026-09-02T12:09:00-03:00,recebimento,F2,L-0116,29000,,,,4828.79,sintetico
2026-09-02T15:04:00-03:00,recebimento,F1,L-0117,28960,,,,5271.01,sintetico
2026-09-02T18:43:00-03:00,recebimento,F2,L-0118,30190,,,,5124.60,sintetico
2026-09-03T09:45:00-03:00,recebimento,F1,L-0119,29470,,,,5286.65,sintetico
2026-09-03T12:37:00-03:00,recebimento,F2,L-0120,32350,,,,5589.31,sintetico
2026-09-03T15:28:00-03:00,recebimento,F1,L-0121,29610,,,,5404.86,sintetico
2026-09-03T18:45:00-03:00,recebimento,F1,L-0122,28470,,,,5028.36,sintetico
2026-09-04T09:48:00-03:00,recebimento,F2,L-0123,33520,,,,5731.29,sintetico
2026-09-04T12:48:00-03:00,recebimento,F1,L-0124,30310,,,,5547.27,sintetico
2026-09-04T15:36:00-03:00,recebimento,F3,L-0125,29860,,,,4864.68,sintetico
2026-09-05T09:05:00-03:00,recebimento,F2,L-0126,30210,,,,5139.75,sintetico
2026-09-05T12:19:00-03:00,recebimento,F2,L-0127,28950,,,,4860.35,sintetico
2026-09-05T15:30:00-03:00,recebimento,F1,L-0128,31510,,,,5704.72,sintetico
2026-09-05T18:23:00-03:00,recebimento,F2,L-0129,27300,,,,4656.37,sintetico
2026-09-06T09:30:00-03:00,recebimento,F2,L-0130,31600,,,,5377.60,sintetico
2026-09-06T12:44:00-03:00,recebimento,F2,L-0131,30160,,,,5101.06,sintetico
2026-09-06T15:12:00-03:00,recebimento,F1,L-0132,29360,,,,5403.70,sintetico
2026-09-06T18:39:00-03:00,recebimento,F1,L-0133,28510,,,,5089.25,sintetico
2026-09-07T07:30:00-03:00,estoque,,,271000,,,,,sintetico
2026-09-07T09:08:00-03:00,recebimento,F3,L-0134,31430,,,,5059.17,sintetico
2026-09-07T12:19:00-03:00,recebimento,F3,L-0135,32330,,,,5286.76,sintetico
2026-09-07T15:37:00-03:00,recebimento,F1,L-0136,29990,,,,5381.85,sintetico
2026-09-07T18:07:00-03:00,recebimento,F3,L-0137,32300,,,,5161.77,sintetico
2026-09-08T09:14:00-03:00,recebimento,F1,L-0138,29810,,,,5377.84,sintetico
2026-09-08T12:33:00-03:00,recebimento,F3,L-0139,30680,,,,4883.45,sintetico
2026-09-08T15:47:00-03:00,recebimento,F2,L-0140,29090,,,,5085.33,sintetico
2026-09-08T18:39:00-03:00,recebimento,F1,L-0141,31110,,,,5720.05,sintetico
2026-09-09T09:25:00-03:00,recebimento,F2,L-0142,29110,,,,4929.30,sintetico
2026-09-09T12:30:00-03:00,recebimento,F2,L-0143,29770,,,,5182.90,sintetico
2026-09-09T15:24:00-03:00,recebimento,F2,L-0144,26170,,,,4400.55,sintetico
2026-09-09T18:36:00-03:00,recebimento,F1,L-0145,28980,,,,5225.44,sintetico
2026-09-10T09:19:00-03:00,recebimento,F2,L-0146,28280,,,,4855.12,sintetico
2026-09-10T12:36:00-03:00,recebimento,F3,L-0147,30250,,,,4840.94,sintetico
2026-09-10T15:32:00-03:00,recebimento,F3,L-0148,30840,,,,5018.93,sintetico
2026-09-10T18:37:00-03:00,recebimento,F3,L-0149,30490,,,,4895.77,sintetico
2026-09-11T09:29:00-03:00,recebimento,F2,L-0150,27910,,,,4766.49,sintetico
2026-09-11T12:21:00-03:00,recebimento,F1,L-0151,30730,,,,5495.27,sintetico
2026-09-11T15:19:00-03:00,recebimento,F1,L-0152,30270,,,,5586.82,sintetico
2026-09-11T18:43:00-03:00,recebimento,F2,L-0153,29400,,,,4975.60,sintetico
2026-09-12T09:30:00-03:00,recebimento,F3,L-0154,27560,,,,4483.45,sintetico
2026-09-12T12:04:00-03:00,recebimento,F2,L-0155,29260,,,,5174.20,sintetico
2026-09-12T15:00:00-03:00,recebimento,F3,L-0156,31980,,,,5187.45,sintetico
2026-09-12T18:37:00-03:00,recebimento,F1,L-0157,29340,,,,5307.68,sintetico
2026-09-13T09:48:00-03:00,recebimento,F3,L-0158,32630,,,,5148.10,sintetico
2026-09-13T12:11:00-03:00,recebimento,F3,L-0159,27290,,,,4290.84,sintetico
2026-09-13T15:01:00-03:00,recebimento,F1,L-0160,30640,,,,5512.82,sintetico
2026-09-13T18:24:00-03:00,recebimento,F2,L-0161,30580,,,,5192.79,sintetico
2026-09-14T07:30:00-03:00,estoque,,,278800,,,,,sintetico
2026-09-14T09:47:00-03:00,recebimento,F3,L-0162,28810,,,,4613.80,sintetico
2026-09-14T12:34:00-03:00,recebimento,F2,L-0163,32330,,,,5511.77,sintetico
2026-09-14T15:27:00-03:00,recebimento,F3,L-0164,28280,,,,4597.32,sintetico
2026-09-14T18:15:00-03:00,recebimento,F1,L-0165,27350,,,,4963.56,sintetico
2026-09-15T09:11:00-03:00,recebimento,F2,L-0166,31230,,,,5261.00,sintetico
2026-09-15T12:16:00-03:00,recebimento,F1,L-0167,27460,,,,4978.93,sintetico
2026-09-15T15:10:00-03:00,recebimento,F1,L-0168,31850,,,,5796.68,sintetico
2026-09-15T18:13:00-03:00,recebimento,F2,L-0169,30640,,,,5215.03,sintetico
2026-09-16T09:22:00-03:00,recebimento,F2,L-0170,31790,,,,5423.91,sintetico
2026-09-16T12:17:00-03:00,recebimento,F3,L-0171,28280,,,,4528.31,sintetico
2026-09-16T15:08:00-03:00,recebimento,F2,L-0172,28860,,,,4933.49,sintetico
2026-09-16T18:34:00-03:00,recebimento,F3,L-0173,28460,,,,4671.14,sintetico
2026-09-17T09:15:00-03:00,recebimento,F1,L-0174,27190,,,,4927.03,sintetico
2026-09-17T12:09:00-03:00,recebimento,F3,L-0175,29060,,,,4648.18,sintetico
2026-09-17T15:15:00-03:00,recebimento,F2,L-0176,29430,,,,4996.71,sintetico
2026-09-17T18:27:00-03:00,recebimento,F1,L-0177,31110,,,,5767.80,sintetico
2026-09-18T09:30:00-03:00,recebimento,F2,L-0178,28370,,,,4879.08,sintetico
2026-09-18T12:22:00-03:00,recebimento,F2,L-0179,29030,,,,4936.36,sintetico
2026-09-18T15:04:00-03:00,recebimento,F1,L-0180,27980,,,,5042.43,sintetico
2026-09-18T18:23:00-03:00,recebimento,F3,L-0181,29740,,,,4698.08,sintetico
2026-09-19T09:08:00-03:00,recebimento,F1,L-0182,31470,,,,5775.22,sintetico
2026-09-19T12:16:00-03:00,recebimento,F2,L-0183,31310,,,,5275.87,sintetico
2026-09-19T15:08:00-03:00,recebimento,F2,L-0184,30000,,,,5073.97,sintetico
2026-09-19T18:49:00-03:00,recebimento,F1,L-0185,29600,,,,5351.25,sintetico
2026-09-20T09:03:00-03:00,recebimento,F1,L-0186,29600,,,,5455.09,sintetico
2026-09-20T12:18:00-03:00,recebimento,F1,L-0187,31530,,,,5669.66,sintetico
2026-09-20T15:27:00-03:00,recebimento,F2,L-0188,32690,,,,5670.80,sintetico
2026-09-20T18:41:00-03:00,recebimento,F1,L-0189,30760,,,,5593.04,sintetico
2026-09-21T07:30:00-03:00,estoque,,,262900,,,,,sintetico
2026-09-21T09:15:00-03:00,recebimento,F1,L-0190,29450,,,,5328.72,sintetico
2026-09-21T12:20:00-03:00,recebimento,F2,L-0191,28660,,,,4917.02,sintetico
2026-09-21T15:28:00-03:00,recebimento,F3,L-0192,30580,,,,4924.69,sintetico
2026-09-22T09:07:00-03:00,recebimento,F2,L-0193,28230,,,,4784.92,sintetico
2026-09-22T12:30:00-03:00,recebimento,F2,L-0194,31920,,,,5383.33,sintetico
2026-09-22T15:03:00-03:00,recebimento,F3,L-0195,29830,,,,4807.36,sintetico
2026-09-22T18:45:00-03:00,recebimento,F3,L-0196,30100,,,,4714.19,sintetico
2026-09-23T09:44:00-03:00,recebimento,F3,L-0197,29910,,,,4768.26,sintetico
2026-09-23T12:23:00-03:00,recebimento,F1,L-0198,31780,,,,5640.94,sintetico
2026-09-23T15:17:00-03:00,recebimento,F2,L-0199,28640,,,,4935.12,sintetico
2026-09-23T18:08:00-03:00,recebimento,F3,L-0200,29710,,,,4871.40,sintetico
2026-09-24T09:44:00-03:00,recebimento,F2,L-0201,28770,,,,4835.32,sintetico
2026-09-24T12:01:00-03:00,recebimento,F2,L-0202,28540,,,,4835.14,sintetico
2026-09-24T15:37:00-03:00,recebimento,F3,L-0203,30850,,,,4983.15,sintetico
2026-09-24T18:36:00-03:00,recebimento,F2,L-0204,30780,,,,5291.26,sintetico
2026-09-25T09:48:00-03:00,recebimento,F3,L-0205,28980,,,,4639.98,sintetico
2026-09-25T12:46:00-03:00,recebimento,F3,L-0206,30430,,,,4878.14,sintetico
2026-09-25T15:36:00-03:00,recebimento,F2,L-0207,27690,,,,4550.23,sintetico
2026-09-25T18:17:00-03:00,recebimento,F3,L-0208,27790,,,,4431.43,sintetico
2026-09-26T09:11:00-03:00,recebimento,F2,L-0209,30260,,,,5150.94,sintetico
2026-09-26T12:40:00-03:00,recebimento,F2,L-0210,31660,,,,5362.92,sintetico
2026-09-26T15:46:00-03:00,recebimento,F3,L-0211,29190,,,,4599.87,sintetico
2026-09-26T18:07:00-03:00,recebimento,F1,L-0212,27410,,,,4896.23,sintetico
2026-09-27T09:17:00-03:00,recebimento,F1,L-0213,29400,,,,5351.64,sintetico
2026-09-27T12:43:00-03:00,recebimento,F2,L-0214,31080,,,,5242.31,sintetico
2026-09-27T15:26:00-03:00,recebimento,F3,L-0215,31910,,,,5073.25,sintetico
2026-09-27T18:04:00-03:00,recebimento,F1,L-0216,27960,,,,4996.28,sintetico
2026-09-28T07:30:00-03:00,estoque,,,240100,,,,,sintetico
