caldeira_id,instante_observado,instante_registrado,turno,operador_id,regime,p_vapor_bar_man,t_gases_c,ponto_gases_id,o2_seco_pct,instrumento_o2_id,co_ppm,t_agua_alim_c,t_ar_c,purgas_n,purgas_s,totalizador_vapor_t,producao,ocorrencia,flag_instrumento_indisponivel,origem_dado
CALD-DEMO-01,2026-08-03T08:00:00-03:00,2026-08-03T08:04:00-03:00,A,OP-01,estavel,10.2,187,CHAMINE-1,7.7,ANALIS-01,73,85,21,1,20,48238.1,,,false,sintetico
CALD-DEMO-01,2026-08-03T10:00:00-03:00,2026-08-03T10:05:00-03:00,A,OP-01,estavel,10.1,185,CHAMINE-1,7.7,ANALIS-01,78,85,23,0,0,48268.4,,,false,sintetico
CALD-DEMO-01,2026-08-03T12:00:00-03:00,2026-08-03T12:05:00-03:00,A,OP-01,estavel,10.0,185,CHAMINE-1,7.1,ANALIS-01,68,86,25,1,20,48299.7,,,false,sintetico
CALD-DEMO-01,2026-08-03T14:00:00-03:00,2026-08-03T14:04:00-03:00,B,OP-02,estavel,10.2,188,CHAMINE-1,7.3,ANALIS-01,114,84,27,0,0,48332.3,,,false,sintetico
CALD-DEMO-01,2026-08-03T16:00:00-03:00,2026-08-03T16:03:00-03:00,B,OP-02,estavel,10.1,189,CHAMINE-1,7.2,ANALIS-01,97,85,26,1,20,48364.1,,,false,sintetico
CALD-DEMO-01,2026-08-03T18:00:00-03:00,2026-08-03T18:04:00-03:00,B,OP-02,estavel,10.0,188,CHAMINE-1,7.3,ANALIS-01,59,86,26,0,0,48396.3,,,false,sintetico
CALD-DEMO-01,2026-08-03T20:00:00-03:00,2026-08-03T20:08:00-03:00,B,OP-02,estavel,10.3,191,CHAMINE-1,8.4,ANALIS-01,120,86,23,1,20,48427.3,,,false,sintetico
CALD-DEMO-01,2026-08-03T22:00:00-03:00,2026-08-03T22:05:00-03:00,C,OP-03,estavel,10.0,185,CHAMINE-1,7.4,ANALIS-01,87,86,20,0,0,48456.9,,,false,sintetico
CALD-DEMO-01,2026-08-04T00:00:00-03:00,2026-08-04T00:03:00-03:00,C,OP-03,estavel,9.8,183,CHAMINE-1,7.2,ANALIS-01,112,85,19,1,20,48483.4,,,false,sintetico
CALD-DEMO-01,2026-08-04T02:00:00-03:00,2026-08-04T02:04:00-03:00,C,OP-03,estavel,9.9,186,CHAMINE-1,8.2,ANALIS-01,65,86,18,0,0,48509.0,,,false,sintetico
CALD-DEMO-01,2026-08-04T04:00:00-03:00,2026-08-04T04:02:00-03:00,C,OP-03,estavel,10.0,184,CHAMINE-1,8.0,ANALIS-01,62,85,18,1,20,48535.4,,,false,sintetico
CALD-DEMO-01,2026-08-04T06:00:00-03:00,2026-08-04T06:02:00-03:00,A,OP-01,estavel,9.9,183,CHAMINE-1,7.4,ANALIS-01,59,86,19,0,0,48563.0,,,false,sintetico
CALD-DEMO-01,2026-08-04T08:00:00-03:00,2026-08-04T08:07:00-03:00,A,OP-01,estavel,10.0,181,CHAMINE-1,8.1,ANALIS-01,70,85,20,1,20,48590.2,,,false,sintetico
CALD-DEMO-01,2026-08-04T10:00:00-03:00,2026-08-04T10:07:00-03:00,A,OP-01,estavel,10.0,181,CHAMINE-1,7.8,ANALIS-01,71,86,23,0,0,48619.8,,,false,sintetico
CALD-DEMO-01,2026-08-04T12:00:00-03:00,2026-08-04T12:04:00-03:00,A,OP-01,estavel,10.1,187,CHAMINE-1,7.3,ANALIS-01,23,85,25,1,20,48651.6,,,false,sintetico
CALD-DEMO-01,2026-08-04T14:00:00-03:00,2026-08-04T14:02:00-03:00,B,OP-02,estavel,9.9,190,CHAMINE-1,7.7,ANALIS-01,104,85,28,0,0,48684.3,,,false,sintetico
CALD-DEMO-01,2026-08-04T16:00:00-03:00,2026-08-04T16:03:00-03:00,B,OP-02,estavel,10.1,184,CHAMINE-1,7.9,ANALIS-01,85,86,27,1,20,48716.6,,,false,sintetico
CALD-DEMO-01,2026-08-04T18:00:00-03:00,2026-08-04T18:08:00-03:00,B,OP-02,estavel,9.9,181,CHAMINE-1,7.7,ANALIS-01,43,85,27,0,0,48747.6,,,false,sintetico
CALD-DEMO-01,2026-08-04T20:00:00-03:00,2026-08-04T20:03:00-03:00,B,OP-02,estavel,9.7,190,CHAMINE-1,8.0,ANALIS-01,45,85,23,1,20,48778.7,,,false,sintetico
CALD-DEMO-01,2026-08-04T22:00:00-03:00,2026-08-04T22:03:00-03:00,C,OP-03,estavel,10.2,190,CHAMINE-1,7.7,ANALIS-01,79,85,20,0,0,48806.8,,,false,sintetico
CALD-DEMO-01,2026-08-05T00:00:00-03:00,2026-08-05T00:08:00-03:00,C,OP-03,estavel,10.1,186,CHAMINE-1,7.1,ANALIS-01,69,83,19,1,20,48833.9,,,false,sintetico
CALD-DEMO-01,2026-08-05T02:00:00-03:00,2026-08-05T02:05:00-03:00,C,OP-03,estavel,10.1,188,CHAMINE-1,7.2,ANALIS-01,147,84,18,0,0,48861.0,,,false,sintetico
CALD-DEMO-01,2026-08-05T04:00:00-03:00,2026-08-05T04:08:00-03:00,C,OP-03,estavel,10.0,184,CHAMINE-1,7.7,ANALIS-01,63,86,16,1,20,48888.1,,,false,sintetico
CALD-DEMO-01,2026-08-05T06:00:00-03:00,2026-08-05T06:07:00-03:00,A,OP-01,estavel,9.9,190,CHAMINE-1,7.5,ANALIS-01,128,86,19,0,0,48914.0,,,false,sintetico
CALD-DEMO-01,2026-08-05T08:00:00-03:00,2026-08-05T08:08:00-03:00,A,OP-01,estavel,10.1,184,CHAMINE-1,7.7,ANALIS-01,75,82,21,1,20,48943.6,,,false,sintetico
CALD-DEMO-01,2026-08-05T10:00:00-03:00,2026-08-05T10:05:00-03:00,A,OP-01,estavel,10.1,185,CHAMINE-1,7.6,ANALIS-01,85,84,22,0,0,48974.2,,,false,sintetico
CALD-DEMO-01,2026-08-05T12:00:00-03:00,2026-08-05T12:04:00-03:00,A,OP-01,estavel,9.9,186,CHAMINE-1,7.5,ANALIS-01,90,85,26,1,20,49006.3,,,false,sintetico
CALD-DEMO-01,2026-08-05T14:00:00-03:00,2026-08-05T14:03:00-03:00,B,OP-02,estavel,9.9,188,CHAMINE-1,7.7,ANALIS-01,96,85,26,0,0,49039.2,,,false,sintetico
CALD-DEMO-01,2026-08-05T16:00:00-03:00,2026-08-05T16:05:00-03:00,B,OP-02,estavel,10.0,188,CHAMINE-1,7.5,ANALIS-01,63,85,26,1,20,49072.2,,,false,sintetico
CALD-DEMO-01,2026-08-05T18:00:00-03:00,2026-08-05T18:06:00-03:00,B,OP-02,estavel,9.9,182,CHAMINE-1,7.3,ANALIS-01,66,85,25,0,0,49103.2,,,false,sintetico
CALD-DEMO-01,2026-08-05T20:00:00-03:00,2026-08-05T20:03:00-03:00,B,OP-02,estavel,10.0,184,CHAMINE-1,7.4,ANALIS-01,121,86,24,1,20,49133.0,,,false,sintetico
CALD-DEMO-01,2026-08-05T22:00:00-03:00,2026-08-05T22:05:00-03:00,C,OP-03,estavel,10.1,183,CHAMINE-1,7.7,ANALIS-01,92,87,23,0,0,49163.5,,,false,sintetico
CALD-DEMO-01,2026-08-06T00:00:00-03:00,2026-08-06T00:05:00-03:00,C,OP-03,estavel,9.9,188,CHAMINE-1,7.7,ANALIS-01,78,84,18,1,20,49191.6,,,false,sintetico
CALD-DEMO-01,2026-08-06T02:00:00-03:00,2026-08-06T02:08:00-03:00,C,OP-03,estavel,10.0,188,CHAMINE-1,7.5,ANALIS-01,84,84,18,0,0,49218.4,,,false,sintetico
CALD-DEMO-01,2026-08-06T04:00:00-03:00,2026-08-06T04:05:00-03:00,C,OP-03,estavel,10.0,188,CHAMINE-1,7.0,ANALIS-01,34,86,17,1,20,49246.6,,,false,sintetico
CALD-DEMO-01,2026-08-06T06:00:00-03:00,2026-08-06T06:06:00-03:00,A,OP-01,estavel,9.8,181,CHAMINE-1,7.5,ANALIS-01,81,86,20,0,0,49273.4,,,false,sintetico
CALD-DEMO-01,2026-08-06T08:00:00-03:00,2026-08-06T08:04:00-03:00,A,OP-01,estavel,9.9,187,CHAMINE-1,7.4,ANALIS-01,104,84,22,1,20,49301.9,,,false,sintetico
CALD-DEMO-01,2026-08-06T10:00:00-03:00,2026-08-06T10:04:00-03:00,A,OP-01,estavel,10.0,186,CHAMINE-1,7.1,ANALIS-01,139,86,23,0,0,49333.5,,,false,sintetico
CALD-DEMO-01,2026-08-06T12:00:00-03:00,2026-08-06T12:02:00-03:00,A,OP-01,estavel,10.0,187,CHAMINE-1,7.2,ANALIS-01,92,84,26,1,20,49365.5,,,false,sintetico
CALD-DEMO-01,2026-08-06T14:00:00-03:00,2026-08-06T14:05:00-03:00,B,OP-02,estavel,10.4,187,CHAMINE-1,7.7,ANALIS-01,87,85,26,0,0,49398.0,,,false,sintetico
CALD-DEMO-01,2026-08-06T16:00:00-03:00,2026-08-06T16:04:00-03:00,B,OP-02,estavel,10.2,190,CHAMINE-1,7.5,ANALIS-01,36,84,26,1,20,49431.6,,,false,sintetico
CALD-DEMO-01,2026-08-06T18:00:00-03:00,2026-08-06T18:04:00-03:00,B,OP-02,estavel,9.9,188,CHAMINE-1,7.5,ANALIS-01,85,84,25,0,0,49463.3,,,false,sintetico
CALD-DEMO-01,2026-08-06T20:00:00-03:00,2026-08-06T20:08:00-03:00,B,OP-02,estavel,9.9,188,CHAMINE-1,7.5,ANALIS-01,87,85,23,1,20,49493.7,,,false,sintetico
CALD-DEMO-01,2026-08-06T22:00:00-03:00,2026-08-06T22:05:00-03:00,C,OP-03,estavel,10.0,183,CHAMINE-1,7.3,ANALIS-01,120,85,21,0,0,49522.3,,,false,sintetico
CALD-DEMO-01,2026-08-07T00:00:00-03:00,2026-08-07T00:03:00-03:00,C,OP-03,estavel,9.9,183,CHAMINE-1,7.7,ANALIS-01,66,84,16,1,20,49550.0,,,false,sintetico
CALD-DEMO-01,2026-08-07T02:00:00-03:00,2026-08-07T02:02:00-03:00,C,OP-03,estavel,10.1,187,CHAMINE-1,7.4,ANALIS-01,74,86,17,0,0,49576.2,,,false,sintetico
CALD-DEMO-01,2026-08-07T04:00:00-03:00,2026-08-07T04:04:00-03:00,C,OP-03,estavel,10.2,189,CHAMINE-1,8.0,ANALIS-01,99,86,19,1,20,49600.8,,,false,sintetico
CALD-DEMO-01,2026-08-07T06:00:00-03:00,2026-08-07T06:08:00-03:00,A,OP-01,estavel,10.0,187,CHAMINE-1,7.2,ANALIS-01,130,85,18,0,0,49627.3,,,false,sintetico
CALD-DEMO-01,2026-08-07T08:00:00-03:00,2026-08-07T08:02:00-03:00,A,OP-01,estavel,9.9,189,CHAMINE-1,7.7,ANALIS-01,44,84,20,1,20,49656.3,,,false,sintetico
CALD-DEMO-01,2026-08-07T10:00:00-03:00,2026-08-07T10:02:00-03:00,A,OP-01,estavel,10.2,186,CHAMINE-1,7.8,ANALIS-01,81,85,24,0,0,49686.4,,,false,sintetico
CALD-DEMO-01,2026-08-07T12:00:00-03:00,2026-08-07T12:05:00-03:00,A,OP-01,estavel,9.9,188,CHAMINE-1,6.8,ANALIS-01,79,85,26,1,20,49718.6,,,false,sintetico
CALD-DEMO-01,2026-08-07T14:00:00-03:00,2026-08-07T14:06:00-03:00,B,OP-02,estavel,10.1,185,CHAMINE-1,7.7,ANALIS-01,113,83,26,0,0,49750.8,,,false,sintetico
CALD-DEMO-01,2026-08-07T16:00:00-03:00,2026-08-07T16:04:00-03:00,B,OP-02,estavel,10.0,188,CHAMINE-1,7.4,ANALIS-01,85,84,26,1,20,49784.6,,,false,sintetico
CALD-DEMO-01,2026-08-07T18:00:00-03:00,2026-08-07T18:06:00-03:00,B,OP-02,estavel,10.1,186,CHAMINE-1,8.0,ANALIS-01,89,85,27,0,0,49815.6,,,false,sintetico
CALD-DEMO-01,2026-08-07T20:00:00-03:00,2026-08-07T20:02:00-03:00,B,OP-02,estavel,10.0,184,CHAMINE-1,8.1,ANALIS-01,71,86,23,1,20,49845.4,,,false,sintetico
CALD-DEMO-01,2026-08-07T22:00:00-03:00,2026-08-07T22:08:00-03:00,C,OP-03,estavel,10.1,188,CHAMINE-1,7.7,ANALIS-01,63,86,21,0,0,49874.6,,,false,sintetico
CALD-DEMO-01,2026-08-08T00:00:00-03:00,2026-08-08T00:08:00-03:00,C,OP-03,estavel,10.0,187,CHAMINE-1,7.1,ANALIS-01,98,87,20,1,20,49901.4,,,false,sintetico
CALD-DEMO-01,2026-08-08T02:00:00-03:00,2026-08-08T02:03:00-03:00,C,OP-03,estavel,10.1,184,CHAMINE-1,7.5,ANALIS-01,83,84,16,0,0,49928.5,,,false,sintetico
CALD-DEMO-01,2026-08-08T04:00:00-03:00,2026-08-08T04:05:00-03:00,C,OP-03,estavel,10.1,191,CHAMINE-1,7.4,ANALIS-01,43,85,17,1,20,49953.5,,,false,sintetico
CALD-DEMO-01,2026-08-08T06:00:00-03:00,2026-08-08T06:05:00-03:00,A,OP-01,estavel,10.0,186,CHAMINE-1,7.4,ANALIS-01,61,84,18,0,0,49980.0,,,false,sintetico
CALD-DEMO-01,2026-08-08T08:00:00-03:00,2026-08-08T08:03:00-03:00,A,OP-01,estavel,10.0,182,CHAMINE-1,7.5,ANALIS-01,65,87,21,1,20,50009.8,,,false,sintetico
CALD-DEMO-01,2026-08-08T10:00:00-03:00,2026-08-08T10:07:00-03:00,A,OP-01,estavel,10.0,181,CHAMINE-1,7.9,ANALIS-01,85,83,22,0,0,50039.4,,,false,sintetico
CALD-DEMO-01,2026-08-08T12:00:00-03:00,2026-08-08T12:05:00-03:00,A,OP-01,estavel,10.0,189,CHAMINE-1,7.8,ANALIS-01,111,84,26,1,20,50071.4,,,false,sintetico
CALD-DEMO-01,2026-08-08T14:00:00-03:00,2026-08-08T14:05:00-03:00,B,OP-02,estavel,10.1,183,CHAMINE-1,7.1,ANALIS-01,84,85,28,0,0,50103.3,,,false,sintetico
CALD-DEMO-01,2026-08-08T16:00:00-03:00,2026-08-08T16:04:00-03:00,B,OP-02,estavel,10.2,187,CHAMINE-1,7.3,ANALIS-01,52,85,26,1,20,50135.1,,,false,sintetico
CALD-DEMO-01,2026-08-08T18:00:00-03:00,2026-08-08T18:04:00-03:00,B,OP-02,estavel,10.1,188,CHAMINE-1,6.6,ANALIS-01,57,84,26,0,0,50165.9,,,false,sintetico
CALD-DEMO-01,2026-08-08T20:00:00-03:00,2026-08-08T20:07:00-03:00,B,OP-02,estavel,9.9,191,CHAMINE-1,7.2,ANALIS-01,56,85,24,1,20,50197.5,,,false,sintetico
CALD-DEMO-01,2026-08-08T22:00:00-03:00,2026-08-08T22:08:00-03:00,C,OP-03,estavel,10.1,188,CHAMINE-1,7.6,ANALIS-01,161,85,21,0,0,50224.8,,,false,sintetico
CALD-DEMO-01,2026-08-09T00:00:00-03:00,2026-08-09T00:07:00-03:00,C,OP-03,estavel,10.1,185,CHAMINE-1,7.8,ANALIS-01,74,86,18,1,20,50252.6,,,false,sintetico
CALD-DEMO-01,2026-08-09T02:00:00-03:00,2026-08-09T02:02:00-03:00,C,OP-03,estavel,10.1,187,CHAMINE-1,7.1,ANALIS-01,75,86,17,0,0,50280.4,,,false,sintetico
CALD-DEMO-01,2026-08-09T04:00:00-03:00,2026-08-09T04:08:00-03:00,C,OP-03,estavel,10.1,188,CHAMINE-1,7.2,ANALIS-01,87,85,17,1,20,50308.0,,,false,sintetico
CALD-DEMO-01,2026-08-09T06:00:00-03:00,2026-08-09T06:07:00-03:00,A,OP-01,estavel,9.9,187,CHAMINE-1,7.1,ANALIS-01,55,86,20,0,0,50335.3,,,false,sintetico
CALD-DEMO-01,2026-08-09T08:00:00-03:00,2026-08-09T08:03:00-03:00,A,OP-01,estavel,9.8,188,CHAMINE-1,6.9,ANALIS-01,79,83,20,1,20,50364.3,,,false,sintetico
CALD-DEMO-01,2026-08-09T10:00:00-03:00,2026-08-09T10:08:00-03:00,A,OP-01,estavel,9.9,184,CHAMINE-1,7.7,ANALIS-01,64,84,23,0,0,50393.5,,,false,sintetico
CALD-DEMO-01,2026-08-09T12:00:00-03:00,2026-08-09T12:02:00-03:00,A,OP-01,estavel,10.0,187,CHAMINE-1,8.3,ANALIS-01,84,86,26,1,20,50427.8,,,false,sintetico
CALD-DEMO-01,2026-08-09T14:00:00-03:00,2026-08-09T14:06:00-03:00,B,OP-02,estavel,10.0,189,CHAMINE-1,7.4,ANALIS-01,73,85,27,0,0,50461.4,,,false,sintetico
CALD-DEMO-01,2026-08-09T16:00:00-03:00,2026-08-09T16:03:00-03:00,B,OP-02,estavel,10.0,185,CHAMINE-1,7.4,ANALIS-01,100,85,27,1,20,50493.1,,,false,sintetico
CALD-DEMO-01,2026-08-09T18:00:00-03:00,2026-08-09T18:07:00-03:00,B,OP-02,estavel,10.0,184,CHAMINE-1,7.5,ANALIS-01,29,86,25,0,0,50523.9,,,false,sintetico
CALD-DEMO-01,2026-08-09T20:00:00-03:00,2026-08-09T20:02:00-03:00,B,OP-02,estavel,9.9,189,CHAMINE-1,7.4,ANALIS-01,49,86,24,1,20,50553.6,,,false,sintetico
CALD-DEMO-01,2026-08-09T22:00:00-03:00,2026-08-09T22:05:00-03:00,C,OP-03,estavel,10.1,189,CHAMINE-1,7.5,ANALIS-01,98,84,20,0,0,50582.1,,,false,sintetico
CALD-DEMO-01,2026-08-10T00:00:00-03:00,2026-08-10T00:02:00-03:00,C,OP-03,estavel,10.0,186,CHAMINE-1,7.6,ANALIS-01,47,85,18,1,20,50609.6,,,false,sintetico
CALD-DEMO-01,2026-08-10T02:00:00-03:00,2026-08-10T02:06:00-03:00,C,OP-03,estavel,10.1,185,CHAMINE-1,7.7,ANALIS-01,45,86,18,0,0,50638.0,,,false,sintetico
CALD-DEMO-01,2026-08-10T04:00:00-03:00,2026-08-10T04:05:00-03:00,C,OP-03,estavel,9.8,187,CHAMINE-1,7.3,ANALIS-01,81,85,18,1,20,50664.4,,,false,sintetico
CALD-DEMO-01,2026-08-10T06:00:00-03:00,2026-08-10T06:02:00-03:00,A,OP-01,estavel,10.0,187,CHAMINE-1,7.9,ANALIS-01,83,85,18,0,0,50692.5,,,false,sintetico
CALD-DEMO-01,2026-08-10T08:00:00-03:00,2026-08-10T08:03:00-03:00,A,OP-01,estavel,10.0,188,CHAMINE-1,7.5,ANALIS-01,85,84,21,1,20,50721.1,,,false,sintetico
CALD-DEMO-01,2026-08-10T10:00:00-03:00,2026-08-10T10:08:00-03:00,A,OP-01,estavel,10.0,183,CHAMINE-1,7.5,ANALIS-01,43,84,23,0,0,50751.1,,,false,sintetico
CALD-DEMO-01,2026-08-10T12:00:00-03:00,2026-08-10T12:06:00-03:00,A,OP-01,estavel,10.1,186,CHAMINE-1,7.3,ANALIS-01,44,86,24,1,20,50780.7,,,false,sintetico
CALD-DEMO-01,2026-08-10T14:00:00-03:00,2026-08-10T14:06:00-03:00,B,OP-02,estavel,9.9,184,CHAMINE-1,7.6,ANALIS-01,108,85,27,0,0,50813.8,,,false,sintetico
CALD-DEMO-01,2026-08-10T16:00:00-03:00,2026-08-10T16:04:00-03:00,B,OP-02,estavel,10.0,188,CHAMINE-1,7.9,ANALIS-01,41,85,27,1,20,50845.1,,,false,sintetico
CALD-DEMO-01,2026-08-10T18:00:00-03:00,2026-08-10T18:04:00-03:00,B,OP-02,estavel,10.0,180,CHAMINE-1,7.5,ANALIS-01,105,87,25,0,0,50876.8,,,false,sintetico
CALD-DEMO-01,2026-08-10T20:00:00-03:00,2026-08-10T20:02:00-03:00,B,OP-02,estavel,10.0,187,CHAMINE-1,7.6,ANALIS-01,108,84,25,1,20,50907.5,,,false,sintetico
CALD-DEMO-01,2026-08-10T22:00:00-03:00,2026-08-10T22:05:00-03:00,C,OP-03,estavel,9.7,187,CHAMINE-1,7.5,ANALIS-01,56,85,21,0,0,50936.7,,,false,sintetico
CALD-DEMO-01,2026-08-11T00:00:00-03:00,2026-08-11T00:07:00-03:00,C,OP-03,estavel,10.1,186,CHAMINE-1,6.9,ANALIS-01,69,85,19,1,20,50964.9,,,false,sintetico
CALD-DEMO-01,2026-08-11T02:00:00-03:00,2026-08-11T02:05:00-03:00,C,OP-03,estavel,10.1,188,CHAMINE-1,8.2,ANALIS-01,119,86,18,0,0,50991.1,,,false,sintetico
CALD-DEMO-01,2026-08-11T04:00:00-03:00,2026-08-11T04:08:00-03:00,C,OP-03,estavel,10.0,184,CHAMINE-1,7.9,ANALIS-01,62,85,16,1,20,51017.3,,,false,sintetico
CALD-DEMO-01,2026-08-11T06:00:00-03:00,2026-08-11T06:02:00-03:00,A,OP-01,estavel,9.9,188,CHAMINE-1,7.3,ANALIS-01,129,85,18,0,0,51043.6,,,false,sintetico
CALD-DEMO-01,2026-08-11T08:00:00-03:00,2026-08-11T08:04:00-03:00,A,OP-01,estavel,10.0,187,CHAMINE-1,7.8,ANALIS-01,72,83,20,1,20,51072.2,,,false,sintetico
CALD-DEMO-01,2026-08-11T10:00:00-03:00,2026-08-11T10:05:00-03:00,A,OP-01,estavel,10.0,189,CHAMINE-1,7.9,ANALIS-01,54,86,23,0,0,51103.3,,,false,sintetico
CALD-DEMO-01,2026-08-11T12:00:00-03:00,2026-08-11T12:08:00-03:00,A,OP-01,estavel,10.0,179,CHAMINE-1,8.1,ANALIS-01,85,84,25,1,20,51135.7,,,false,sintetico
CALD-DEMO-01,2026-08-11T14:00:00-03:00,2026-08-11T14:05:00-03:00,B,OP-02,estavel,9.9,187,CHAMINE-1,7.2,ANALIS-01,118,85,27,0,0,51168.7,,,false,sintetico
CALD-DEMO-01,2026-08-11T16:00:00-03:00,2026-08-11T16:04:00-03:00,B,OP-02,estavel,9.9,189,CHAMINE-1,7.5,ANALIS-01,57,86,27,1,20,51201.0,,,false,sintetico
CALD-DEMO-01,2026-08-11T18:00:00-03:00,2026-08-11T18:05:00-03:00,B,OP-02,estavel,10.1,185,CHAMINE-1,7.4,ANALIS-01,119,84,25,0,0,51232.6,,,false,sintetico
CALD-DEMO-01,2026-08-11T20:00:00-03:00,2026-08-11T20:08:00-03:00,B,OP-02,estavel,10.1,185,CHAMINE-1,7.1,ANALIS-01,65,85,23,1,20,51264.2,,,false,sintetico
CALD-DEMO-01,2026-08-11T22:00:00-03:00,2026-08-11T22:08:00-03:00,C,OP-03,estavel,10.0,184,CHAMINE-1,7.8,ANALIS-01,113,84,21,0,0,51293.2,,,false,sintetico
CALD-DEMO-01,2026-08-12T00:00:00-03:00,2026-08-12T00:03:00-03:00,C,OP-03,estavel,10.1,183,CHAMINE-1,7.7,ANALIS-01,77,86,19,1,20,51320.4,,,false,sintetico
CALD-DEMO-01,2026-08-12T02:00:00-03:00,2026-08-12T02:06:00-03:00,C,OP-03,estavel,10.0,186,CHAMINE-1,7.4,ANALIS-01,105,85,17,0,0,51347.8,,,false,sintetico
CALD-DEMO-01,2026-08-12T04:00:00-03:00,2026-08-12T04:07:00-03:00,C,OP-03,estavel,9.9,188,CHAMINE-1,7.7,ANALIS-01,93,85,18,1,20,51374.8,,,false,sintetico
CALD-DEMO-01,2026-08-12T06:00:00-03:00,2026-08-12T06:05:00-03:00,A,OP-01,estavel,9.9,181,CHAMINE-1,7.1,ANALIS-01,109,85,19,0,0,51402.1,,,false,sintetico
CALD-DEMO-01,2026-08-12T08:00:00-03:00,2026-08-12T08:07:00-03:00,A,OP-01,estavel,9.8,182,CHAMINE-1,7.8,ANALIS-01,77,85,21,1,20,51429.0,,,false,sintetico
CALD-DEMO-01,2026-08-12T10:00:00-03:00,2026-08-12T10:08:00-03:00,A,OP-01,estavel,9.8,183,CHAMINE-1,7.5,ANALIS-01,90,85,23,0,0,51458.7,,,false,sintetico
CALD-DEMO-01,2026-08-12T12:00:00-03:00,2026-08-12T12:07:00-03:00,A,OP-01,estavel,9.9,187,CHAMINE-1,7.3,ANALIS-01,67,85,25,1,20,51489.8,,,false,sintetico
CALD-DEMO-01,2026-08-12T14:00:00-03:00,2026-08-12T14:06:00-03:00,B,OP-02,estavel,10.2,189,CHAMINE-1,7.7,ANALIS-01,111,86,27,0,0,51522.6,,,false,sintetico
CALD-DEMO-01,2026-08-12T16:00:00-03:00,2026-08-12T16:03:00-03:00,B,OP-02,estavel,10.2,189,CHAMINE-1,8.0,ANALIS-01,67,84,26,1,20,51554.2,,,false,sintetico
CALD-DEMO-01,2026-08-12T18:00:00-03:00,2026-08-12T18:04:00-03:00,B,OP-02,estavel,9.9,189,CHAMINE-1,7.8,ANALIS-01,28,86,25,0,0,51586.0,,,false,sintetico
CALD-DEMO-01,2026-08-12T20:00:00-03:00,2026-08-12T20:06:00-03:00,B,OP-02,estavel,10.0,186,CHAMINE-1,8.0,ANALIS-01,36,84,22,1,20,51616.6,,,false,sintetico
CALD-DEMO-01,2026-08-12T22:00:00-03:00,2026-08-12T22:08:00-03:00,C,OP-03,estavel,10.3,182,CHAMINE-1,7.5,ANALIS-01,111,84,21,0,0,51645.9,,,false,sintetico
CALD-DEMO-01,2026-08-13T00:00:00-03:00,2026-08-13T00:07:00-03:00,C,OP-03,estavel,10.2,184,CHAMINE-1,7.9,ANALIS-01,94,87,17,1,20,51673.8,,,false,sintetico
CALD-DEMO-01,2026-08-13T02:00:00-03:00,2026-08-13T02:03:00-03:00,C,OP-03,estavel,10.1,185,CHAMINE-1,7.9,ANALIS-01,65,85,18,0,0,51700.5,,,false,sintetico
CALD-DEMO-01,2026-08-13T04:00:00-03:00,2026-08-13T04:04:00-03:00,C,OP-03,estavel,10.0,184,CHAMINE-1,7.9,ANALIS-01,96,86,16,1,20,51728.0,,,false,sintetico
CALD-DEMO-01,2026-08-13T06:00:00-03:00,2026-08-13T06:03:00-03:00,A,OP-01,estavel,10.0,187,CHAMINE-1,6.9,ANALIS-01,108,85,18,0,0,51755.2,,,false,sintetico
CALD-DEMO-01,2026-08-13T08:00:00-03:00,2026-08-13T08:07:00-03:00,A,OP-01,estavel,10.1,182,CHAMINE-1,7.6,ANALIS-01,74,85,21,1,20,51784.9,,,false,sintetico
CALD-DEMO-01,2026-08-13T10:00:00-03:00,2026-08-13T10:03:00-03:00,A,OP-01,estavel,10.1,185,CHAMINE-1,6.9,ANALIS-01,111,87,24,0,0,51816.0,,,false,sintetico
CALD-DEMO-01,2026-08-13T12:00:00-03:00,2026-08-13T12:08:00-03:00,A,OP-01,estavel,9.9,185,CHAMINE-1,7.3,ANALIS-01,27,85,25,1,20,51847.8,,,false,sintetico
CALD-DEMO-01,2026-08-13T14:00:00-03:00,2026-08-13T14:02:00-03:00,B,OP-02,estavel,9.9,186,CHAMINE-1,7.6,ANALIS-01,53,85,27,0,0,51880.3,,,false,sintetico
CALD-DEMO-01,2026-08-13T16:00:00-03:00,2026-08-13T16:07:00-03:00,B,OP-02,estavel,9.9,183,CHAMINE-1,7.6,ANALIS-01,70,85,27,1,20,51911.6,,,false,sintetico
CALD-DEMO-01,2026-08-13T18:00:00-03:00,2026-08-13T18:04:00-03:00,B,OP-02,estavel,9.9,186,CHAMINE-1,7.5,ANALIS-01,61,86,25,0,0,51941.4,,,false,sintetico
CALD-DEMO-01,2026-08-13T20:00:00-03:00,2026-08-13T20:07:00-03:00,B,OP-02,estavel,10.1,188,CHAMINE-1,7.6,ANALIS-01,54,85,23,1,20,51972.4,,,false,sintetico
CALD-DEMO-01,2026-08-13T22:00:00-03:00,2026-08-13T22:07:00-03:00,C,OP-03,estavel,10.2,185,CHAMINE-1,7.7,ANALIS-01,27,84,21,0,0,52002.2,,,false,sintetico
CALD-DEMO-01,2026-08-14T00:00:00-03:00,2026-08-14T00:02:00-03:00,C,OP-03,estavel,10.0,187,CHAMINE-1,7.9,ANALIS-01,113,85,18,1,20,52028.4,,,false,sintetico
CALD-DEMO-01,2026-08-14T02:00:00-03:00,2026-08-14T02:07:00-03:00,C,OP-03,estavel,10.0,187,CHAMINE-1,7.0,ANALIS-01,71,85,16,0,0,52055.0,,,false,sintetico
CALD-DEMO-01,2026-08-14T04:00:00-03:00,2026-08-14T04:05:00-03:00,C,OP-03,estavel,9.8,185,CHAMINE-1,7.5,ANALIS-01,58,85,18,1,20,52080.5,,,false,sintetico
CALD-DEMO-01,2026-08-14T06:00:00-03:00,2026-08-14T06:03:00-03:00,A,OP-01,estavel,10.1,187,CHAMINE-1,7.7,ANALIS-01,26,85,18,0,0,52108.1,,,false,sintetico
CALD-DEMO-01,2026-08-14T08:00:00-03:00,2026-08-14T08:04:00-03:00,A,OP-01,estavel,10.1,188,CHAMINE-1,7.1,ANALIS-01,91,85,21,1,20,52137.2,,,false,sintetico
CALD-DEMO-01,2026-08-14T10:00:00-03:00,2026-08-14T10:03:00-03:00,A,OP-01,estavel,9.9,185,CHAMINE-1,7.1,ANALIS-01,73,86,22,0,0,52168.7,,,false,sintetico
CALD-DEMO-01,2026-08-14T12:00:00-03:00,2026-08-14T12:04:00-03:00,A,OP-01,estavel,10.1,180,CHAMINE-1,7.3,ANALIS-01,50,85,26,1,20,52200.7,,,false,sintetico
CALD-DEMO-01,2026-08-14T14:00:00-03:00,2026-08-14T14:04:00-03:00,B,OP-02,estavel,10.1,190,CHAMINE-1,7.6,ANALIS-01,105,84,26,0,0,52234.6,,,false,sintetico
CALD-DEMO-01,2026-08-14T16:00:00-03:00,2026-08-14T16:06:00-03:00,B,OP-02,estavel,10.0,188,CHAMINE-1,7.3,ANALIS-01,53,86,28,1,20,52268.4,,,false,sintetico
CALD-DEMO-01,2026-08-14T18:00:00-03:00,2026-08-14T18:06:00-03:00,B,OP-02,estavel,10.0,184,CHAMINE-1,7.8,ANALIS-01,71,84,26,0,0,52299.3,,,false,sintetico
CALD-DEMO-01,2026-08-14T20:00:00-03:00,2026-08-14T20:03:00-03:00,B,OP-02,estavel,10.1,184,CHAMINE-1,7.1,ANALIS-01,73,85,23,1,20,52330.2,,,false,sintetico
CALD-DEMO-01,2026-08-14T22:00:00-03:00,2026-08-14T22:02:00-03:00,C,OP-03,estavel,10.0,182,CHAMINE-1,7.6,ANALIS-01,88,85,20,0,0,52359.7,,,false,sintetico
CALD-DEMO-01,2026-08-15T00:00:00-03:00,2026-08-15T00:06:00-03:00,C,OP-03,estavel,9.9,187,CHAMINE-1,7.6,ANALIS-01,113,85,19,1,20,52388.2,,,false,sintetico
CALD-DEMO-01,2026-08-15T02:00:00-03:00,2026-08-15T02:02:00-03:00,C,OP-03,estavel,10.1,182,CHAMINE-1,7.4,ANALIS-01,79,85,16,0,0,52415.0,,,false,sintetico
CALD-DEMO-01,2026-08-15T04:00:00-03:00,2026-08-15T04:08:00-03:00,C,OP-03,estavel,10.0,183,CHAMINE-1,7.4,ANALIS-01,82,86,18,1,20,52442.1,,,false,sintetico
CALD-DEMO-01,2026-08-15T06:00:00-03:00,2026-08-15T06:04:00-03:00,A,OP-01,estavel,9.9,186,CHAMINE-1,7.1,ANALIS-01,104,84,18,0,0,52469.1,,,false,sintetico
CALD-DEMO-01,2026-08-15T08:00:00-03:00,2026-08-15T08:07:00-03:00,A,OP-01,estavel,9.9,183,CHAMINE-1,7.2,ANALIS-01,65,84,21,1,20,52498.2,,,false,sintetico
CALD-DEMO-01,2026-08-15T10:00:00-03:00,2026-08-15T10:08:00-03:00,A,OP-01,estavel,10.1,188,CHAMINE-1,7.3,ANALIS-01,74,85,23,0,0,52529.8,,,false,sintetico
CALD-DEMO-01,2026-08-15T12:00:00-03:00,2026-08-15T12:04:00-03:00,A,OP-01,estavel,9.8,183,CHAMINE-1,7.4,ANALIS-01,100,84,26,1,20,52561.7,,,false,sintetico
CALD-DEMO-01,2026-08-15T14:00:00-03:00,2026-08-15T14:06:00-03:00,B,OP-02,estavel,9.7,184,CHAMINE-1,7.8,ANALIS-01,49,84,27,0,0,52593.3,,,false,sintetico
CALD-DEMO-01,2026-08-15T16:00:00-03:00,2026-08-15T16:05:00-03:00,B,OP-02,estavel,10.1,189,CHAMINE-1,7.3,ANALIS-01,76,86,27,1,20,52626.2,,,false,sintetico
CALD-DEMO-01,2026-08-15T18:00:00-03:00,2026-08-15T18:04:00-03:00,B,OP-02,estavel,9.9,184,CHAMINE-1,7.1,ANALIS-01,67,85,25,0,0,52658.8,,,false,sintetico
CALD-DEMO-01,2026-08-15T20:00:00-03:00,2026-08-15T20:04:00-03:00,B,OP-02,estavel,9.9,187,CHAMINE-1,7.7,ANALIS-01,47,84,23,1,20,52689.0,,,false,sintetico
CALD-DEMO-01,2026-08-15T22:00:00-03:00,2026-08-15T22:03:00-03:00,C,OP-03,estavel,10.0,184,CHAMINE-1,7.2,ANALIS-01,81,85,21,0,0,52717.2,,,false,sintetico
CALD-DEMO-01,2026-08-16T00:00:00-03:00,2026-08-16T00:07:00-03:00,C,OP-03,estavel,10.1,186,CHAMINE-1,7.5,ANALIS-01,56,85,18,1,20,52745.1,,,false,sintetico
CALD-DEMO-01,2026-08-16T02:00:00-03:00,2026-08-16T02:06:00-03:00,C,OP-03,estavel,9.9,183,CHAMINE-1,7.0,ANALIS-01,70,85,16,0,0,52769.5,,,false,sintetico
CALD-DEMO-01,2026-08-16T04:00:00-03:00,2026-08-16T04:07:00-03:00,C,OP-03,estavel,9.9,181,CHAMINE-1,7.1,ANALIS-01,106,85,18,1,20,52796.2,,,false,sintetico
CALD-DEMO-01,2026-08-16T06:00:00-03:00,2026-08-16T06:04:00-03:00,A,OP-01,estavel,9.9,187,CHAMINE-1,7.6,ANALIS-01,76,84,18,0,0,52823.7,,,false,sintetico
CALD-DEMO-01,2026-08-16T08:00:00-03:00,2026-08-16T08:06:00-03:00,A,OP-01,estavel,10.0,186,CHAMINE-1,7.6,ANALIS-01,70,85,21,1,20,52851.4,,,false,sintetico
CALD-DEMO-01,2026-08-16T10:00:00-03:00,2026-08-16T10:04:00-03:00,A,OP-01,estavel,10.2,183,CHAMINE-1,7.3,ANALIS-01,70,85,24,0,0,52883.3,,,false,sintetico
CALD-DEMO-01,2026-08-16T12:00:00-03:00,2026-08-16T12:07:00-03:00,A,OP-01,estavel,10.3,186,CHAMINE-1,7.6,ANALIS-01,96,85,27,1,20,52915.1,,,false,sintetico
CALD-DEMO-01,2026-08-16T14:00:00-03:00,2026-08-16T14:05:00-03:00,B,OP-02,estavel,9.9,187,CHAMINE-1,6.7,ANALIS-01,135,86,28,0,0,52947.6,,,false,sintetico
CALD-DEMO-01,2026-08-16T16:00:00-03:00,2026-08-16T16:05:00-03:00,B,OP-02,estavel,10.0,182,CHAMINE-1,7.7,ANALIS-01,79,86,27,1,20,52979.5,,,false,sintetico
CALD-DEMO-01,2026-08-16T18:00:00-03:00,2026-08-16T18:06:00-03:00,B,OP-02,estavel,9.9,189,CHAMINE-1,7.6,ANALIS-01,65,84,27,0,0,53011.6,,,false,sintetico
CALD-DEMO-01,2026-08-16T20:00:00-03:00,2026-08-16T20:02:00-03:00,B,OP-02,estavel,10.0,187,CHAMINE-1,7.9,ANALIS-01,58,85,24,1,20,53042.9,,,false,sintetico
CALD-DEMO-01,2026-08-16T22:00:00-03:00,2026-08-16T22:07:00-03:00,C,OP-03,estavel,9.8,184,CHAMINE-1,7.7,ANALIS-01,67,85,21,0,0,53070.8,,,false,sintetico
CALD-DEMO-01,2026-08-17T00:00:00-03:00,2026-08-17T00:08:00-03:00,C,OP-03,estavel,10.0,186,CHAMINE-1,7.9,ANALIS-01,52,85,17,1,20,53098.0,,,false,sintetico
CALD-DEMO-01,2026-08-17T02:00:00-03:00,2026-08-17T02:04:00-03:00,C,OP-03,estavel,9.9,181,CHAMINE-1,7.3,ANALIS-01,96,85,16,0,0,53125.6,,,false,sintetico
CALD-DEMO-01,2026-08-17T04:00:00-03:00,2026-08-17T04:07:00-03:00,C,OP-03,estavel,9.8,187,CHAMINE-1,7.7,ANALIS-01,96,85,17,1,20,53152.4,,,false,sintetico
CALD-DEMO-01,2026-08-17T06:00:00-03:00,2026-08-17T06:08:00-03:00,A,OP-01,estavel,10.0,194,CHAMINE-1,7.6,ANALIS-01,58,84,20,0,0,53180.6,,,false,sintetico
CALD-DEMO-01,2026-08-17T08:00:00-03:00,2026-08-17T08:02:00-03:00,A,OP-01,estavel,9.9,185,CHAMINE-1,7.3,ANALIS-01,80,84,20,1,20,53211.2,,,false,sintetico
CALD-DEMO-01,2026-08-17T10:00:00-03:00,2026-08-17T10:06:00-03:00,A,OP-01,estavel,9.9,185,CHAMINE-1,7.1,ANALIS-01,104,84,23,0,0,53242.3,,,false,sintetico
CALD-DEMO-01,2026-08-17T12:00:00-03:00,2026-08-17T12:02:00-03:00,A,OP-01,estavel,10.0,187,CHAMINE-1,7.2,ANALIS-01,60,85,23,1,20,53274.9,,,false,sintetico
CALD-DEMO-01,2026-08-17T14:00:00-03:00,2026-08-17T14:03:00-03:00,B,OP-02,estavel,10.0,186,CHAMINE-1,7.4,ANALIS-01,83,85,28,0,0,53307.2,,,false,sintetico
CALD-DEMO-01,2026-08-17T16:00:00-03:00,2026-08-17T16:03:00-03:00,B,OP-02,estavel,10.0,188,CHAMINE-1,7.6,ANALIS-01,72,84,26,1,20,53339.9,,,false,sintetico
CALD-DEMO-01,2026-08-17T18:00:00-03:00,2026-08-17T18:06:00-03:00,B,OP-02,estavel,10.0,186,CHAMINE-1,7.3,ANALIS-01,81,85,27,0,0,53372.1,,,false,sintetico
CALD-DEMO-01,2026-08-17T20:00:00-03:00,2026-08-17T20:04:00-03:00,B,OP-02,estavel,10.1,185,CHAMINE-1,8.2,ANALIS-01,93,84,23,1,20,53402.4,,,false,sintetico
CALD-DEMO-01,2026-08-17T22:00:00-03:00,2026-08-17T22:07:00-03:00,C,OP-03,estavel,10.2,183,CHAMINE-1,7.4,ANALIS-01,61,86,21,0,0,53430.3,,,false,sintetico
CALD-DEMO-01,2026-08-18T00:00:00-03:00,2026-08-18T00:04:00-03:00,C,OP-03,estavel,9.9,186,CHAMINE-1,7.5,ANALIS-01,16,86,19,1,20,53456.7,,,false,sintetico
CALD-DEMO-01,2026-08-18T02:00:00-03:00,2026-08-18T02:04:00-03:00,C,OP-03,estavel,9.9,185,CHAMINE-1,7.2,ANALIS-01,82,85,17,0,0,53483.8,,,false,sintetico
CALD-DEMO-01,2026-08-18T04:00:00-03:00,2026-08-18T04:02:00-03:00,C,OP-03,estavel,10.0,185,CHAMINE-1,7.5,ANALIS-01,90,84,17,1,20,53511.4,,,false,sintetico
CALD-DEMO-01,2026-08-18T06:00:00-03:00,2026-08-18T06:02:00-03:00,A,OP-01,estavel,10.1,185,CHAMINE-1,7.6,ANALIS-01,4,84,18,0,0,53539.6,,,false,sintetico
CALD-DEMO-01,2026-08-18T08:00:00-03:00,2026-08-18T08:02:00-03:00,A,OP-01,estavel,9.9,185,CHAMINE-1,7.3,ANALIS-01,31,87,22,1,20,53567.8,,,false,sintetico
CALD-DEMO-01,2026-08-18T10:00:00-03:00,2026-08-18T10:03:00-03:00,A,OP-01,estavel,9.9,186,CHAMINE-1,8.2,ANALIS-01,56,86,24,0,0,53598.9,,,false,sintetico
CALD-DEMO-01,2026-08-18T12:00:00-03:00,2026-08-18T12:04:00-03:00,A,OP-01,estavel,9.9,184,CHAMINE-1,7.1,ANALIS-01,90,84,26,1,20,53630.0,,,false,sintetico
CALD-DEMO-01,2026-08-18T14:00:00-03:00,2026-08-18T14:06:00-03:00,B,OP-02,estavel,10.0,186,CHAMINE-1,7.4,ANALIS-01,77,85,29,0,0,53662.6,,,false,sintetico
CALD-DEMO-01,2026-08-18T16:00:00-03:00,2026-08-18T16:08:00-03:00,B,OP-02,estavel,9.8,184,CHAMINE-1,7.1,ANALIS-01,40,85,26,1,20,53694.2,,,false,sintetico
CALD-DEMO-01,2026-08-18T18:00:00-03:00,2026-08-18T18:03:00-03:00,B,OP-02,estavel,9.9,182,CHAMINE-1,7.8,ANALIS-01,97,84,26,0,0,53726.2,,,false,sintetico
CALD-DEMO-01,2026-08-18T20:00:00-03:00,2026-08-18T20:02:00-03:00,B,OP-02,estavel,10.1,183,CHAMINE-1,6.7,ANALIS-01,100,85,23,1,20,53756.1,,,false,sintetico
CALD-DEMO-01,2026-08-18T22:00:00-03:00,2026-08-18T22:02:00-03:00,C,OP-03,estavel,10.1,188,CHAMINE-1,7.6,ANALIS-01,97,87,21,0,0,53784.5,,,false,sintetico
CALD-DEMO-01,2026-08-19T00:00:00-03:00,2026-08-19T00:04:00-03:00,C,OP-03,estavel,10.0,187,CHAMINE-1,7.4,ANALIS-01,131,85,18,1,20,53810.9,,,false,sintetico
CALD-DEMO-01,2026-08-19T02:00:00-03:00,2026-08-19T02:03:00-03:00,C,OP-03,estavel,9.8,188,CHAMINE-1,7.6,ANALIS-01,69,85,17,0,0,53835.2,,,false,sintetico
CALD-DEMO-01,2026-08-19T04:00:00-03:00,2026-08-19T04:06:00-03:00,C,OP-03,estavel,9.9,188,CHAMINE-1,7.2,ANALIS-01,106,84,18,1,20,53861.6,,,false,sintetico
CALD-DEMO-01,2026-08-19T06:00:00-03:00,2026-08-19T06:03:00-03:00,A,OP-01,estavel,9.9,180,CHAMINE-1,7.5,ANALIS-01,105,86,19,0,0,53887.9,,,false,sintetico
CALD-DEMO-01,2026-08-19T08:00:00-03:00,2026-08-19T08:02:00-03:00,A,OP-01,estavel,9.9,187,CHAMINE-1,8.0,ANALIS-01,103,84,20,1,20,53914.6,,,false,sintetico
CALD-DEMO-01,2026-08-19T10:00:00-03:00,2026-08-19T10:03:00-03:00,A,OP-01,estavel,10.0,185,CHAMINE-1,7.1,ANALIS-01,91,85,23,0,0,53945.6,,,false,sintetico
CALD-DEMO-01,2026-08-19T12:00:00-03:00,2026-08-19T12:07:00-03:00,A,OP-01,estavel,10.0,190,CHAMINE-1,7.2,ANALIS-01,60,86,25,1,20,53975.8,,,false,sintetico
CALD-DEMO-01,2026-08-19T14:00:00-03:00,2026-08-19T14:03:00-03:00,B,OP-02,estavel,9.9,188,CHAMINE-1,7.6,ANALIS-01,98,86,27,0,0,54009.1,,,false,sintetico
CALD-DEMO-01,2026-08-19T16:00:00-03:00,2026-08-19T16:05:00-03:00,B,OP-02,estavel,10.0,184,CHAMINE-1,7.1,ANALIS-01,70,85,26,1,20,54041.7,,,false,sintetico
CALD-DEMO-01,2026-08-19T18:00:00-03:00,2026-08-19T18:04:00-03:00,B,OP-02,estavel,10.0,182,CHAMINE-1,7.4,ANALIS-01,102,85,26,0,0,54073.0,,,false,sintetico
CALD-DEMO-01,2026-08-19T20:00:00-03:00,2026-08-19T20:06:00-03:00,B,OP-02,estavel,10.1,187,CHAMINE-1,7.4,ANALIS-01,57,86,23,1,20,54102.4,,,false,sintetico
CALD-DEMO-01,2026-08-19T22:00:00-03:00,2026-08-19T22:06:00-03:00,C,OP-03,estavel,10.0,185,CHAMINE-1,7.3,ANALIS-01,89,86,21,0,0,54130.2,,,false,sintetico
CALD-DEMO-01,2026-08-20T00:00:00-03:00,2026-08-20T00:07:00-03:00,C,OP-03,estavel,10.2,186,CHAMINE-1,7.7,ANALIS-01,82,84,17,1,20,54158.3,,,false,sintetico
CALD-DEMO-01,2026-08-20T02:00:00-03:00,2026-08-20T02:02:00-03:00,C,OP-03,estavel,10.0,186,CHAMINE-1,7.8,ANALIS-01,41,84,16,0,0,54183.5,,,false,sintetico
CALD-DEMO-01,2026-08-20T04:00:00-03:00,2026-08-20T04:05:00-03:00,C,OP-03,estavel,9.9,187,CHAMINE-1,7.6,ANALIS-01,81,86,17,1,20,54210.3,,,false,sintetico
CALD-DEMO-01,2026-08-20T06:00:00-03:00,2026-08-20T06:04:00-03:00,A,OP-01,estavel,10.1,183,CHAMINE-1,7.8,ANALIS-01,91,86,20,0,0,54237.5,,,false,sintetico
CALD-DEMO-01,2026-08-20T08:00:00-03:00,2026-08-20T08:02:00-03:00,A,OP-01,estavel,9.9,190,CHAMINE-1,7.9,ANALIS-01,69,84,20,1,20,54267.4,,,false,sintetico
CALD-DEMO-01,2026-08-20T10:00:00-03:00,2026-08-20T10:06:00-03:00,A,OP-01,estavel,10.1,185,CHAMINE-1,7.6,ANALIS-01,46,85,23,0,0,54298.7,,,false,sintetico
CALD-DEMO-01,2026-08-20T12:00:00-03:00,2026-08-20T12:05:00-03:00,A,OP-01,estavel,9.9,182,CHAMINE-1,6.9,ANALIS-01,101,85,26,1,20,54330.1,,,false,sintetico
CALD-DEMO-01,2026-08-20T14:00:00-03:00,2026-08-20T14:08:00-03:00,B,OP-02,estavel,10.1,186,CHAMINE-1,7.5,ANALIS-01,83,86,26,0,0,54362.7,,,false,sintetico
CALD-DEMO-01,2026-08-20T16:00:00-03:00,2026-08-20T16:03:00-03:00,B,OP-02,estavel,10.1,187,CHAMINE-1,7.7,ANALIS-01,118,85,26,1,20,54395.8,,,false,sintetico
CALD-DEMO-01,2026-08-20T18:00:00-03:00,2026-08-20T18:06:00-03:00,B,OP-02,estavel,9.9,183,CHAMINE-1,7.7,ANALIS-01,69,85,24,0,0,54430.2,,,false,sintetico
CALD-DEMO-01,2026-08-20T20:00:00-03:00,2026-08-20T20:08:00-03:00,B,OP-02,estavel,10.0,185,CHAMINE-1,7.9,ANALIS-01,73,85,23,1,20,54459.2,,,false,sintetico
CALD-DEMO-01,2026-08-20T22:00:00-03:00,2026-08-20T22:03:00-03:00,C,OP-03,estavel,9.9,183,CHAMINE-1,8.1,ANALIS-01,48,84,22,0,0,54486.8,,,false,sintetico
CALD-DEMO-01,2026-08-21T00:00:00-03:00,2026-08-21T00:02:00-03:00,C,OP-03,estavel,9.9,187,CHAMINE-1,7.7,ANALIS-01,38,85,18,1,20,54513.6,,,false,sintetico
CALD-DEMO-01,2026-08-21T02:00:00-03:00,2026-08-21T02:02:00-03:00,C,OP-03,estavel,10.0,185,CHAMINE-1,7.8,ANALIS-01,99,86,17,0,0,54539.7,,,false,sintetico
CALD-DEMO-01,2026-08-21T04:00:00-03:00,2026-08-21T04:02:00-03:00,C,OP-03,estavel,9.9,183,CHAMINE-1,7.7,ANALIS-01,73,85,17,1,20,54566.3,,,false,sintetico
CALD-DEMO-01,2026-08-21T06:00:00-03:00,2026-08-21T06:07:00-03:00,A,OP-01,estavel,9.9,184,CHAMINE-1,7.3,ANALIS-01,95,85,18,0,0,54593.1,,,false,sintetico
CALD-DEMO-01,2026-08-21T08:00:00-03:00,2026-08-21T08:06:00-03:00,A,OP-01,estavel,10.3,188,CHAMINE-1,7.2,ANALIS-01,120,85,21,1,20,54622.5,,,false,sintetico
CALD-DEMO-01,2026-08-21T10:00:00-03:00,2026-08-21T10:07:00-03:00,A,OP-01,estavel,9.9,189,CHAMINE-1,7.7,ANALIS-01,86,86,23,0,0,54652.7,,,false,sintetico
CALD-DEMO-01,2026-08-21T12:00:00-03:00,2026-08-21T12:05:00-03:00,A,OP-01,estavel,10.0,184,CHAMINE-1,7.3,ANALIS-01,67,84,25,1,20,54684.9,,,false,sintetico
CALD-DEMO-01,2026-08-21T14:00:00-03:00,2026-08-21T14:05:00-03:00,B,OP-02,estavel,9.9,193,CHAMINE-1,7.3,ANALIS-01,88,85,26,0,0,54718.7,,,false,sintetico
CALD-DEMO-01,2026-08-21T16:00:00-03:00,2026-08-21T16:04:00-03:00,B,OP-02,estavel,10.2,187,CHAMINE-1,7.5,ANALIS-01,114,85,26,1,20,54749.5,,,false,sintetico
CALD-DEMO-01,2026-08-21T18:00:00-03:00,2026-08-21T18:03:00-03:00,B,OP-02,estavel,10.0,189,CHAMINE-1,7.3,ANALIS-01,81,85,26,0,0,54781.3,,,false,sintetico
CALD-DEMO-01,2026-08-21T20:00:00-03:00,2026-08-21T20:06:00-03:00,B,OP-02,estavel,10.0,187,CHAMINE-1,7.5,ANALIS-01,89,85,22,1,20,54812.0,,,false,sintetico
CALD-DEMO-01,2026-08-21T22:00:00-03:00,2026-08-21T22:07:00-03:00,C,OP-03,estavel,10.0,190,CHAMINE-1,7.7,ANALIS-01,61,86,20,0,0,54841.6,,,false,sintetico
CALD-DEMO-01,2026-08-22T00:00:00-03:00,2026-08-22T00:03:00-03:00,C,OP-03,estavel,9.9,187,CHAMINE-1,7.4,ANALIS-01,66,85,18,1,20,54869.1,,,false,sintetico
CALD-DEMO-01,2026-08-22T02:00:00-03:00,2026-08-22T02:08:00-03:00,C,OP-03,estavel,9.8,185,CHAMINE-1,7.3,ANALIS-01,120,84,17,0,0,54896.5,,,false,sintetico
CALD-DEMO-01,2026-08-22T04:00:00-03:00,2026-08-22T04:05:00-03:00,C,OP-03,estavel,9.9,186,CHAMINE-1,7.4,ANALIS-01,78,85,17,1,20,54924.7,,,false,sintetico
CALD-DEMO-01,2026-08-22T06:00:00-03:00,2026-08-22T06:04:00-03:00,A,OP-01,estavel,10.2,183,CHAMINE-1,7.5,ANALIS-01,92,86,17,0,0,54950.6,,,false,sintetico
CALD-DEMO-01,2026-08-22T08:00:00-03:00,2026-08-22T08:06:00-03:00,A,OP-01,estavel,10.0,190,CHAMINE-1,7.0,ANALIS-01,16,85,21,1,20,54976.9,,,false,sintetico
CALD-DEMO-01,2026-08-22T10:00:00-03:00,2026-08-22T10:03:00-03:00,A,OP-01,estavel,10.0,180,CHAMINE-1,8.1,ANALIS-01,36,86,23,0,0,55006.7,,,false,sintetico
CALD-DEMO-01,2026-08-22T12:00:00-03:00,2026-08-22T12:04:00-03:00,A,OP-01,estavel,10.0,188,CHAMINE-1,7.9,ANALIS-01,80,86,28,1,20,55037.1,,,false,sintetico
CALD-DEMO-01,2026-08-22T14:00:00-03:00,2026-08-22T14:07:00-03:00,B,OP-02,estavel,9.9,187,CHAMINE-1,8.0,ANALIS-01,49,85,27,0,0,55069.9,,,false,sintetico
CALD-DEMO-01,2026-08-22T16:00:00-03:00,2026-08-22T16:04:00-03:00,B,OP-02,estavel,10.0,184,CHAMINE-1,6.9,ANALIS-01,109,86,26,1,20,55102.4,,,false,sintetico
CALD-DEMO-01,2026-08-22T18:00:00-03:00,2026-08-22T18:08:00-03:00,B,OP-02,estavel,9.9,185,CHAMINE-1,7.2,ANALIS-01,121,86,26,0,0,55135.4,,,false,sintetico
CALD-DEMO-01,2026-08-22T20:00:00-03:00,2026-08-22T20:08:00-03:00,B,OP-02,estavel,10.1,188,CHAMINE-1,7.3,ANALIS-01,66,85,22,1,20,55165.0,,,false,sintetico
CALD-DEMO-01,2026-08-22T22:00:00-03:00,2026-08-22T22:04:00-03:00,C,OP-03,estavel,9.9,186,CHAMINE-1,7.7,ANALIS-01,109,84,19,0,0,55192.4,,,false,sintetico
CALD-DEMO-01,2026-08-23T00:00:00-03:00,2026-08-23T00:05:00-03:00,C,OP-03,estavel,10.1,191,CHAMINE-1,7.0,ANALIS-01,57,85,18,1,20,55219.6,,,false,sintetico
CALD-DEMO-01,2026-08-23T02:00:00-03:00,2026-08-23T02:06:00-03:00,C,OP-03,estavel,10.0,186,CHAMINE-1,7.9,ANALIS-01,78,86,17,0,0,55246.5,,,false,sintetico
CALD-DEMO-01,2026-08-23T04:00:00-03:00,2026-08-23T04:06:00-03:00,C,OP-03,estavel,9.9,183,CHAMINE-1,7.5,ANALIS-01,67,85,17,1,20,55273.0,,,false,sintetico
CALD-DEMO-01,2026-08-23T06:00:00-03:00,2026-08-23T06:04:00-03:00,A,OP-01,estavel,10.1,182,CHAMINE-1,7.2,ANALIS-01,79,84,18,0,0,55299.2,,,false,sintetico
CALD-DEMO-01,2026-08-23T08:00:00-03:00,2026-08-23T08:06:00-03:00,A,OP-01,estavel,9.8,189,CHAMINE-1,7.5,ANALIS-01,82,85,22,1,20,55327.9,,,false,sintetico
CALD-DEMO-01,2026-08-23T10:00:00-03:00,2026-08-23T10:07:00-03:00,A,OP-01,estavel,10.0,184,CHAMINE-1,7.2,ANALIS-01,86,85,23,0,0,55356.9,,,false,sintetico
CALD-DEMO-01,2026-08-23T12:00:00-03:00,2026-08-23T12:05:00-03:00,A,OP-01,estavel,10.0,183,CHAMINE-1,7.3,ANALIS-01,81,86,26,1,20,55390.7,,,false,sintetico
CALD-DEMO-01,2026-08-23T14:00:00-03:00,2026-08-23T14:02:00-03:00,B,OP-02,estavel,10.0,185,CHAMINE-1,8.1,ANALIS-01,90,86,26,0,0,55423.9,,,false,sintetico
CALD-DEMO-01,2026-08-23T16:00:00-03:00,2026-08-23T16:06:00-03:00,B,OP-02,estavel,9.8,189,CHAMINE-1,7.2,ANALIS-01,76,86,27,1,20,55456.3,,,false,sintetico
CALD-DEMO-01,2026-08-23T18:00:00-03:00,2026-08-23T18:02:00-03:00,B,OP-02,estavel,10.0,186,CHAMINE-1,7.0,ANALIS-01,77,85,25,0,0,55487.5,,,false,sintetico
CALD-DEMO-01,2026-08-23T20:00:00-03:00,2026-08-23T20:07:00-03:00,B,OP-02,estavel,9.9,187,CHAMINE-1,8.0,ANALIS-01,69,84,24,1,20,55517.2,,,false,sintetico
CALD-DEMO-01,2026-08-23T22:00:00-03:00,2026-08-23T22:04:00-03:00,C,OP-03,estavel,9.9,183,CHAMINE-1,7.4,ANALIS-01,68,84,20,0,0,55547.0,,,false,sintetico
CALD-DEMO-01,2026-08-24T00:00:00-03:00,2026-08-24T00:08:00-03:00,C,OP-03,estavel,10.1,184,CHAMINE-1,7.3,ANALIS-01,61,84,19,1,20,55576.0,,,false,sintetico
CALD-DEMO-01,2026-08-24T02:00:00-03:00,2026-08-24T02:06:00-03:00,C,OP-03,estavel,10.1,189,CHAMINE-1,7.5,ANALIS-01,65,85,17,0,0,55602.6,,,false,sintetico
CALD-DEMO-01,2026-08-24T04:00:00-03:00,2026-08-24T04:04:00-03:00,C,OP-03,estavel,10.0,184,CHAMINE-1,7.7,ANALIS-01,110,86,18,1,20,55629.3,,,false,sintetico
CALD-DEMO-01,2026-08-24T06:00:00-03:00,2026-08-24T06:06:00-03:00,A,OP-01,estavel,9.9,189,CHAMINE-1,7.1,ANALIS-01,82,86,17,0,0,55657.5,,,false,sintetico
CALD-DEMO-01,2026-08-24T08:00:00-03:00,2026-08-24T08:02:00-03:00,A,OP-01,estavel,10.1,186,CHAMINE-1,7.5,ANALIS-01,99,85,21,1,20,55685.4,,,false,sintetico
CALD-DEMO-01,2026-08-24T10:00:00-03:00,2026-08-24T10:02:00-03:00,A,OP-01,estavel,9.8,184,CHAMINE-1,7.2,ANALIS-01,65,85,22,0,0,55714.8,,,false,sintetico
CALD-DEMO-01,2026-08-24T12:00:00-03:00,2026-08-24T12:02:00-03:00,A,OP-01,estavel,9.8,189,CHAMINE-1,7.0,ANALIS-01,86,84,25,1,20,55748.1,,,false,sintetico
CALD-DEMO-01,2026-08-24T14:00:00-03:00,2026-08-24T14:03:00-03:00,B,OP-02,estavel,10.1,187,CHAMINE-1,7.1,ANALIS-01,95,86,28,0,0,55781.2,,,false,sintetico
CALD-DEMO-01,2026-08-24T16:00:00-03:00,2026-08-24T16:02:00-03:00,B,OP-02,estavel,10.0,183,CHAMINE-1,8.0,ANALIS-01,59,84,27,1,20,55814.5,,,false,sintetico
CALD-DEMO-01,2026-08-24T18:00:00-03:00,2026-08-24T18:07:00-03:00,B,OP-02,estavel,9.9,188,CHAMINE-1,7.4,ANALIS-01,64,85,26,0,0,55847.1,,,false,sintetico
CALD-DEMO-01,2026-08-24T20:00:00-03:00,2026-08-24T20:04:00-03:00,B,OP-02,estavel,10.0,184,CHAMINE-1,7.3,ANALIS-01,67,85,23,1,20,55876.8,,,false,sintetico
CALD-DEMO-01,2026-08-24T22:00:00-03:00,2026-08-24T22:03:00-03:00,C,OP-03,estavel,10.1,184,CHAMINE-1,7.3,ANALIS-01,85,85,20,0,0,55905.4,,,false,sintetico
CALD-DEMO-01,2026-08-25T00:00:00-03:00,2026-08-25T00:04:00-03:00,C,OP-03,estavel,10.1,186,CHAMINE-1,7.2,ANALIS-01,98,86,19,1,20,55932.1,,,false,sintetico
CALD-DEMO-01,2026-08-25T02:00:00-03:00,2026-08-25T02:02:00-03:00,C,OP-03,estavel,10.1,185,CHAMINE-1,7.0,ANALIS-01,71,84,16,0,0,55959.1,,,false,sintetico
CALD-DEMO-01,2026-08-25T04:00:00-03:00,2026-08-25T04:05:00-03:00,C,OP-03,estavel,10.1,187,CHAMINE-1,7.7,ANALIS-01,82,85,18,1,20,55985.6,,,false,sintetico
CALD-DEMO-01,2026-08-25T06:00:00-03:00,2026-08-25T06:04:00-03:00,A,OP-01,estavel,10.1,181,CHAMINE-1,7.2,ANALIS-01,101,86,18,0,0,56014.3,,,false,sintetico
CALD-DEMO-01,2026-08-25T08:00:00-03:00,2026-08-25T08:07:00-03:00,A,OP-01,estavel,10.0,186,CHAMINE-1,7.8,ANALIS-01,41,85,21,1,20,56042.8,,,false,sintetico
CALD-DEMO-01,2026-08-25T10:00:00-03:00,2026-08-25T10:02:00-03:00,A,OP-01,estavel,10.0,185,CHAMINE-1,7.8,ANALIS-01,97,84,22,0,0,56073.0,,,false,sintetico
CALD-DEMO-01,2026-08-25T12:00:00-03:00,2026-08-25T12:02:00-03:00,A,OP-01,estavel,10.0,186,CHAMINE-1,7.9,ANALIS-01,127,84,26,1,20,56104.5,,,false,sintetico
CALD-DEMO-01,2026-08-25T14:00:00-03:00,2026-08-25T14:02:00-03:00,B,OP-02,estavel,10.0,187,CHAMINE-1,7.4,ANALIS-01,66,85,28,0,0,56138.0,,,false,sintetico
CALD-DEMO-01,2026-08-25T16:00:00-03:00,2026-08-25T16:08:00-03:00,B,OP-02,estavel,10.0,186,CHAMINE-1,7.6,ANALIS-01,100,85,27,1,20,56169.9,,,false,sintetico
CALD-DEMO-01,2026-08-25T18:00:00-03:00,2026-08-25T18:07:00-03:00,B,OP-02,estavel,9.9,190,CHAMINE-1,7.1,ANALIS-01,108,86,25,0,0,56201.6,,,false,sintetico
CALD-DEMO-01,2026-08-25T20:00:00-03:00,2026-08-25T20:04:00-03:00,B,OP-02,estavel,10.0,187,CHAMINE-1,8.1,ANALIS-01,100,86,24,1,20,56232.7,,,false,sintetico
CALD-DEMO-01,2026-08-25T22:00:00-03:00,2026-08-25T22:02:00-03:00,C,OP-03,estavel,10.0,185,CHAMINE-1,7.2,ANALIS-01,94,86,21,0,0,56261.0,,,false,sintetico
CALD-DEMO-01,2026-08-26T00:00:00-03:00,2026-08-26T00:07:00-03:00,C,OP-03,estavel,9.9,184,CHAMINE-1,7.1,ANALIS-01,44,85,19,1,20,56287.8,,,false,sintetico
CALD-DEMO-01,2026-08-26T02:00:00-03:00,2026-08-26T02:04:00-03:00,C,OP-03,estavel,10.1,188,CHAMINE-1,7.5,ANALIS-01,96,87,17,0,0,56315.3,,,false,sintetico
CALD-DEMO-01,2026-08-26T04:00:00-03:00,2026-08-26T04:06:00-03:00,C,OP-03,estavel,10.0,191,CHAMINE-1,7.0,ANALIS-01,100,86,17,1,20,56340.8,,,false,sintetico
CALD-DEMO-01,2026-08-26T06:00:00-03:00,2026-08-26T06:05:00-03:00,A,OP-01,estavel,10.2,185,CHAMINE-1,7.8,ANALIS-01,126,84,18,0,0,56369.0,,,false,sintetico
CALD-DEMO-01,2026-08-26T08:00:00-03:00,2026-08-26T08:02:00-03:00,A,OP-01,estavel,10.0,187,CHAMINE-1,7.8,ANALIS-01,111,85,21,1,20,56398.6,,,false,sintetico
CALD-DEMO-01,2026-08-26T10:00:00-03:00,2026-08-26T10:04:00-03:00,A,OP-01,estavel,10.2,186,CHAMINE-1,7.4,ANALIS-01,83,85,25,0,0,56429.5,,,false,sintetico
CALD-DEMO-01,2026-08-26T12:00:00-03:00,2026-08-26T12:03:00-03:00,A,OP-01,estavel,10.0,188,CHAMINE-1,6.9,ANALIS-01,81,86,25,1,20,56461.0,,,false,sintetico
CALD-DEMO-01,2026-08-26T14:00:00-03:00,2026-08-26T14:03:00-03:00,B,OP-02,estavel,9.9,187,CHAMINE-1,7.0,ANALIS-01,69,84,28,0,0,56491.4,,,false,sintetico
CALD-DEMO-01,2026-08-26T16:00:00-03:00,2026-08-26T16:07:00-03:00,B,OP-02,estavel,10.0,188,CHAMINE-1,7.3,ANALIS-01,87,83,27,1,20,56524.3,,,false,sintetico
CALD-DEMO-01,2026-08-26T18:00:00-03:00,2026-08-26T18:05:00-03:00,B,OP-02,estavel,10.1,190,CHAMINE-1,7.5,ANALIS-01,37,85,24,0,0,56557.0,,,false,sintetico
CALD-DEMO-01,2026-08-26T20:00:00-03:00,2026-08-26T20:06:00-03:00,B,OP-02,estavel,10.1,185,CHAMINE-1,7.4,ANALIS-01,48,85,23,1,20,56586.7,,,false,sintetico
CALD-DEMO-01,2026-08-26T22:00:00-03:00,2026-08-26T22:02:00-03:00,C,OP-03,estavel,9.9,182,CHAMINE-1,7.8,ANALIS-01,58,85,21,0,0,56616.3,,,false,sintetico
CALD-DEMO-01,2026-08-27T00:00:00-03:00,2026-08-27T00:03:00-03:00,C,OP-03,estavel,9.9,182,CHAMINE-1,7.6,ANALIS-01,43,85,19,1,20,56643.4,,,false,sintetico
CALD-DEMO-01,2026-08-27T02:00:00-03:00,2026-08-27T02:02:00-03:00,C,OP-03,estavel,10.1,185,CHAMINE-1,7.2,ANALIS-01,58,85,16,0,0,56671.0,,,false,sintetico
CALD-DEMO-01,2026-08-27T04:00:00-03:00,2026-08-27T04:08:00-03:00,C,OP-03,estavel,9.7,188,CHAMINE-1,7.3,ANALIS-01,92,86,18,1,20,56698.7,,,false,sintetico
CALD-DEMO-01,2026-08-27T06:00:00-03:00,2026-08-27T06:03:00-03:00,A,OP-01,estavel,10.1,183,CHAMINE-1,7.2,ANALIS-01,59,84,18,0,0,56726.2,,,false,sintetico
CALD-DEMO-01,2026-08-27T08:00:00-03:00,2026-08-27T08:08:00-03:00,A,OP-01,estavel,10.0,185,CHAMINE-1,7.6,ANALIS-01,84,86,20,1,20,56754.5,,,false,sintetico
CALD-DEMO-01,2026-08-27T10:00:00-03:00,2026-08-27T10:06:00-03:00,A,OP-01,estavel,10.0,184,CHAMINE-1,7.6,ANALIS-01,46,85,23,0,0,56785.5,,,false,sintetico
CALD-DEMO-01,2026-08-27T12:00:00-03:00,2026-08-27T12:07:00-03:00,A,OP-01,estavel,10.2,185,CHAMINE-1,6.8,ANALIS-01,83,85,26,1,20,56817.8,,,false,sintetico
CALD-DEMO-01,2026-08-27T14:00:00-03:00,2026-08-27T14:02:00-03:00,B,OP-02,estavel,9.9,179,CHAMINE-1,8.0,ANALIS-01,110,87,28,0,0,56851.6,,,false,sintetico
CALD-DEMO-01,2026-08-27T16:00:00-03:00,2026-08-27T16:05:00-03:00,B,OP-02,estavel,10.0,189,CHAMINE-1,7.5,ANALIS-01,68,85,27,1,20,56883.3,,,false,sintetico
CALD-DEMO-01,2026-08-27T18:00:00-03:00,2026-08-27T18:08:00-03:00,B,OP-02,estavel,10.1,187,CHAMINE-1,7.3,ANALIS-01,73,86,24,0,0,56914.7,,,false,sintetico
CALD-DEMO-01,2026-08-27T20:00:00-03:00,2026-08-27T20:08:00-03:00,B,OP-02,estavel,10.3,183,CHAMINE-1,7.1,ANALIS-01,111,86,22,1,20,56944.6,,,false,sintetico
CALD-DEMO-01,2026-08-27T22:00:00-03:00,2026-08-27T22:06:00-03:00,C,OP-03,estavel,9.9,186,CHAMINE-1,7.6,ANALIS-01,114,86,21,0,0,56972.3,,,false,sintetico
CALD-DEMO-01,2026-08-28T00:00:00-03:00,2026-08-28T00:07:00-03:00,C,OP-03,estavel,9.9,187,CHAMINE-1,7.6,ANALIS-01,78,85,19,1,20,57000.1,,,false,sintetico
CALD-DEMO-01,2026-08-28T02:00:00-03:00,2026-08-28T02:03:00-03:00,C,OP-03,estavel,10.0,190,CHAMINE-1,7.5,ANALIS-01,76,85,17,0,0,57024.6,,,false,sintetico
CALD-DEMO-01,2026-08-28T04:00:00-03:00,2026-08-28T04:04:00-03:00,C,OP-03,estavel,9.9,186,CHAMINE-1,7.6,ANALIS-01,58,85,17,1,20,57050.6,,,false,sintetico
CALD-DEMO-01,2026-08-28T06:00:00-03:00,2026-08-28T06:02:00-03:00,A,OP-01,estavel,10.0,185,CHAMINE-1,8.0,ANALIS-01,68,86,17,0,0,57078.3,,,false,sintetico
CALD-DEMO-01,2026-08-28T08:00:00-03:00,2026-08-28T08:03:00-03:00,A,OP-01,estavel,9.9,185,CHAMINE-1,7.2,ANALIS-01,106,85,21,1,20,57107.5,,,false,sintetico
CALD-DEMO-01,2026-08-28T10:00:00-03:00,2026-08-28T10:05:00-03:00,A,OP-01,estavel,10.0,187,CHAMINE-1,7.5,ANALIS-01,60,86,23,0,0,57136.0,,,false,sintetico
CALD-DEMO-01,2026-08-28T12:00:00-03:00,2026-08-28T12:02:00-03:00,A,OP-01,estavel,9.9,182,CHAMINE-1,7.9,ANALIS-01,85,84,25,1,20,57167.7,,,false,sintetico
CALD-DEMO-01,2026-08-28T14:00:00-03:00,2026-08-28T14:07:00-03:00,B,OP-02,estavel,10.0,186,CHAMINE-1,8.0,ANALIS-01,88,86,27,0,0,57201.5,,,false,sintetico
CALD-DEMO-01,2026-08-28T16:00:00-03:00,2026-08-28T16:06:00-03:00,B,OP-02,estavel,10.0,188,CHAMINE-1,7.5,ANALIS-01,79,85,26,1,20,57233.9,,,false,sintetico
CALD-DEMO-01,2026-08-28T18:00:00-03:00,2026-08-28T18:06:00-03:00,B,OP-02,estavel,9.9,184,CHAMINE-1,7.5,ANALIS-01,63,86,26,0,0,57266.7,,,false,sintetico
CALD-DEMO-01,2026-08-28T20:00:00-03:00,2026-08-28T20:03:00-03:00,B,OP-02,estavel,9.9,184,CHAMINE-1,7.1,ANALIS-01,38,86,22,1,20,57296.7,,,false,sintetico
CALD-DEMO-01,2026-08-28T22:00:00-03:00,2026-08-28T22:07:00-03:00,C,OP-03,estavel,10.1,188,CHAMINE-1,7.1,ANALIS-01,64,86,21,0,0,57324.5,,,false,sintetico
CALD-DEMO-01,2026-08-29T00:00:00-03:00,2026-08-29T00:06:00-03:00,C,OP-03,estavel,9.9,186,CHAMINE-1,7.2,ANALIS-01,107,86,19,1,20,57351.4,,,false,sintetico
CALD-DEMO-01,2026-08-29T02:00:00-03:00,2026-08-29T02:08:00-03:00,C,OP-03,estavel,10.1,184,CHAMINE-1,7.9,ANALIS-01,79,85,16,0,0,57377.7,,,false,sintetico
CALD-DEMO-01,2026-08-29T04:00:00-03:00,2026-08-29T04:04:00-03:00,C,OP-03,estavel,10.1,190,CHAMINE-1,7.8,ANALIS-01,100,85,17,1,20,57404.1,,,false,sintetico
CALD-DEMO-01,2026-08-29T06:00:00-03:00,2026-08-29T06:08:00-03:00,A,OP-01,estavel,10.0,183,CHAMINE-1,7.7,ANALIS-01,84,86,17,0,0,57429.7,,,false,sintetico
CALD-DEMO-01,2026-08-29T08:00:00-03:00,2026-08-29T08:04:00-03:00,A,OP-01,estavel,10.0,187,CHAMINE-1,7.3,ANALIS-01,101,86,20,1,20,57457.0,,,false,sintetico
CALD-DEMO-01,2026-08-29T10:00:00-03:00,2026-08-29T10:07:00-03:00,A,OP-01,estavel,10.0,188,CHAMINE-1,7.3,ANALIS-01,72,84,22,0,0,57487.2,,,false,sintetico
CALD-DEMO-01,2026-08-29T12:00:00-03:00,2026-08-29T12:08:00-03:00,A,OP-01,estavel,9.9,183,CHAMINE-1,7.6,ANALIS-01,70,85,24,1,20,57519.2,,,false,sintetico
CALD-DEMO-01,2026-08-29T14:00:00-03:00,2026-08-29T14:03:00-03:00,B,OP-02,estavel,9.9,185,CHAMINE-1,7.6,ANALIS-01,101,86,27,0,0,57552.1,,,false,sintetico
CALD-DEMO-01,2026-08-29T16:00:00-03:00,2026-08-29T16:04:00-03:00,B,OP-02,estavel,10.1,184,CHAMINE-1,7.4,ANALIS-01,124,84,27,1,20,57584.9,,,false,sintetico
CALD-DEMO-01,2026-08-29T18:00:00-03:00,2026-08-29T18:03:00-03:00,B,OP-02,estavel,10.0,184,CHAMINE-1,7.4,ANALIS-01,84,85,26,0,0,57616.6,,,false,sintetico
CALD-DEMO-01,2026-08-29T20:00:00-03:00,2026-08-29T20:02:00-03:00,B,OP-02,estavel,9.9,188,CHAMINE-1,7.3,ANALIS-01,37,85,22,1,20,57649.0,,,false,sintetico
CALD-DEMO-01,2026-08-29T22:00:00-03:00,2026-08-29T22:08:00-03:00,C,OP-03,estavel,10.0,184,CHAMINE-1,7.7,ANALIS-01,33,84,21,0,0,57678.3,,,false,sintetico
CALD-DEMO-01,2026-08-30T00:00:00-03:00,2026-08-30T00:05:00-03:00,C,OP-03,estavel,10.0,188,CHAMINE-1,8.0,ANALIS-01,85,86,18,1,20,57706.0,,,false,sintetico
CALD-DEMO-01,2026-08-30T02:00:00-03:00,2026-08-30T02:03:00-03:00,C,OP-03,estavel,10.1,187,CHAMINE-1,7.2,ANALIS-01,62,83,18,0,0,57731.3,,,false,sintetico
CALD-DEMO-01,2026-08-30T04:00:00-03:00,2026-08-30T04:07:00-03:00,C,OP-03,estavel,10.0,184,CHAMINE-1,8.0,ANALIS-01,103,86,17,1,20,57758.5,,,false,sintetico
CALD-DEMO-01,2026-08-30T06:00:00-03:00,2026-08-30T06:04:00-03:00,A,OP-01,estavel,9.8,189,CHAMINE-1,7.7,ANALIS-01,48,86,19,0,0,57785.5,,,false,sintetico
CALD-DEMO-01,2026-08-30T08:00:00-03:00,2026-08-30T08:05:00-03:00,A,OP-01,estavel,9.9,187,CHAMINE-1,7.4,ANALIS-01,61,86,22,1,20,57813.5,,,false,sintetico
CALD-DEMO-01,2026-08-30T10:00:00-03:00,2026-08-30T10:03:00-03:00,A,OP-01,estavel,10.1,186,CHAMINE-1,7.4,ANALIS-01,91,83,23,0,0,57844.0,,,false,sintetico
CALD-DEMO-01,2026-08-30T12:00:00-03:00,2026-08-30T12:03:00-03:00,A,OP-01,estavel,10.0,181,CHAMINE-1,8.0,ANALIS-01,117,85,25,1,20,57874.6,,,false,sintetico
CALD-DEMO-01,2026-08-30T14:00:00-03:00,2026-08-30T14:07:00-03:00,B,OP-02,estavel,9.9,180,CHAMINE-1,7.4,ANALIS-01,63,84,27,0,0,57906.7,,,false,sintetico
CALD-DEMO-01,2026-08-30T16:00:00-03:00,2026-08-30T16:06:00-03:00,B,OP-02,estavel,10.2,186,CHAMINE-1,7.7,ANALIS-01,75,84,26,1,20,57939.1,,,false,sintetico
CALD-DEMO-01,2026-08-30T18:00:00-03:00,2026-08-30T18:04:00-03:00,B,OP-02,estavel,10.0,185,CHAMINE-1,7.6,ANALIS-01,66,85,24,0,0,57971.5,,,false,sintetico
CALD-DEMO-01,2026-08-30T20:00:00-03:00,2026-08-30T20:04:00-03:00,B,OP-02,estavel,9.9,181,CHAMINE-1,8.0,ANALIS-01,60,85,24,1,20,58001.2,,,false,sintetico
CALD-DEMO-01,2026-08-30T22:00:00-03:00,2026-08-30T22:08:00-03:00,C,OP-03,estavel,10.1,187,CHAMINE-1,8.0,ANALIS-01,37,85,20,0,0,58031.0,,,false,sintetico
CALD-DEMO-01,2026-08-31T00:00:00-03:00,2026-08-31T00:02:00-03:00,C,OP-03,estavel,9.9,184,CHAMINE-1,7.3,ANALIS-01,90,84,18,1,20,58058.3,,,false,sintetico
CALD-DEMO-01,2026-08-31T02:00:00-03:00,2026-08-31T02:04:00-03:00,C,OP-03,estavel,10.1,186,CHAMINE-1,7.6,ANALIS-01,82,85,17,0,0,58083.7,,,false,sintetico
CALD-DEMO-01,2026-08-31T04:00:00-03:00,2026-08-31T04:05:00-03:00,C,OP-03,estavel,9.8,186,CHAMINE-1,7.9,ANALIS-01,25,84,16,1,20,58109.2,,,false,sintetico
CALD-DEMO-01,2026-08-31T06:00:00-03:00,2026-08-31T06:06:00-03:00,A,OP-01,estavel,10.1,185,CHAMINE-1,7.2,ANALIS-01,56,84,18,0,0,58135.9,,,false,sintetico
CALD-DEMO-01,2026-08-31T08:00:00-03:00,2026-08-31T08:07:00-03:00,A,OP-01,estavel,10.0,215,CHAMINE-1,7.8,ANALIS-01,109,84,22,1,20,58164.1,,,false,sintetico
CALD-DEMO-01,2026-08-31T10:00:00-03:00,2026-08-31T10:04:00-03:00,A,OP-01,estavel,10.0,221,CHAMINE-1,7.7,ANALIS-01,93,86,23,0,0,58194.9,,,false,sintetico
CALD-DEMO-01,2026-08-31T12:00:00-03:00,2026-08-31T12:05:00-03:00,A,OP-01,estavel,10.2,217,CHAMINE-1,7.2,ANALIS-01,92,85,25,1,20,58226.3,,,false,sintetico
CALD-DEMO-01,2026-08-31T14:00:00-03:00,2026-08-31T14:08:00-03:00,B,OP-02,estavel,10.1,223,CHAMINE-1,7.4,ANALIS-01,64,85,27,0,0,58259.4,,,false,sintetico
CALD-DEMO-01,2026-08-31T16:00:00-03:00,2026-08-31T16:04:00-03:00,B,OP-02,estavel,10.1,221,CHAMINE-1,8.0,ANALIS-01,112,84,26,1,20,58292.9,,,false,sintetico
CALD-DEMO-01,2026-08-31T18:00:00-03:00,2026-08-31T18:03:00-03:00,B,OP-02,estavel,10.0,214,CHAMINE-1,7.1,ANALIS-01,97,84,26,0,0,58323.7,,,false,sintetico
CALD-DEMO-01,2026-08-31T20:00:00-03:00,2026-08-31T20:02:00-03:00,B,OP-02,estavel,9.8,218,CHAMINE-1,6.8,ANALIS-01,66,85,22,1,20,58354.6,,,false,sintetico
CALD-DEMO-01,2026-08-31T22:00:00-03:00,2026-08-31T22:03:00-03:00,C,OP-03,estavel,10.0,219,CHAMINE-1,7.6,ANALIS-01,77,85,20,0,0,58383.9,,,false,sintetico
CALD-DEMO-01,2026-09-01T00:00:00-03:00,2026-09-01T00:08:00-03:00,C,OP-03,estavel,9.9,219,CHAMINE-1,7.0,ANALIS-01,110,84,18,1,20,58412.0,,,false,sintetico
CALD-DEMO-01,2026-09-01T02:00:00-03:00,2026-09-01T02:04:00-03:00,C,OP-03,estavel,10.0,218,CHAMINE-1,7.1,ANALIS-01,72,85,18,0,0,58438.4,,,false,sintetico
CALD-DEMO-01,2026-09-01T04:00:00-03:00,2026-09-01T04:07:00-03:00,C,OP-03,estavel,9.8,221,CHAMINE-1,7.5,ANALIS-01,90,85,18,1,20,58465.1,,,false,sintetico
CALD-DEMO-01,2026-09-01T06:00:00-03:00,2026-09-01T06:02:00-03:00,A,OP-01,estavel,9.8,215,CHAMINE-1,7.3,ANALIS-01,67,85,17,0,0,58491.9,,,false,sintetico
CALD-DEMO-01,2026-09-01T08:00:00-03:00,2026-09-01T08:03:00-03:00,A,OP-01,estavel,10.1,221,CHAMINE-1,7.3,ANALIS-01,59,86,21,1,20,58520.7,,,false,sintetico
CALD-DEMO-01,2026-09-01T10:00:00-03:00,2026-09-01T10:04:00-03:00,A,OP-01,estavel,10.0,224,CHAMINE-1,7.5,ANALIS-01,83,86,24,0,0,58551.8,,,false,sintetico
CALD-DEMO-01,2026-09-01T12:00:00-03:00,2026-09-01T12:05:00-03:00,A,OP-01,estavel,10.1,216,CHAMINE-1,7.6,ANALIS-01,94,85,26,1,20,58582.9,,,false,sintetico
CALD-DEMO-01,2026-09-01T14:00:00-03:00,2026-09-01T14:06:00-03:00,B,OP-02,estavel,9.8,216,CHAMINE-1,7.6,ANALIS-01,70,84,27,0,0,58616.1,,,false,sintetico
CALD-DEMO-01,2026-09-01T16:00:00-03:00,2026-09-01T16:04:00-03:00,B,OP-02,estavel,10.0,221,CHAMINE-1,7.1,ANALIS-01,115,85,28,1,20,58649.2,,,false,sintetico
CALD-DEMO-01,2026-09-01T18:00:00-03:00,2026-09-01T18:08:00-03:00,B,OP-02,estavel,10.0,218,CHAMINE-1,7.3,ANALIS-01,60,87,26,0,0,58680.8,,,false,sintetico
CALD-DEMO-01,2026-09-01T20:00:00-03:00,2026-09-01T20:07:00-03:00,B,OP-02,estavel,10.0,214,CHAMINE-1,7.2,ANALIS-01,53,85,24,1,20,58710.7,,,false,sintetico
CALD-DEMO-01,2026-09-01T22:00:00-03:00,2026-09-01T22:03:00-03:00,C,OP-03,estavel,9.9,216,CHAMINE-1,7.6,ANALIS-01,67,86,20,0,0,58740.5,,,false,sintetico
CALD-DEMO-01,2026-09-02T00:00:00-03:00,2026-09-02T00:04:00-03:00,C,OP-03,estavel,10.0,216,CHAMINE-1,7.3,ANALIS-01,92,85,18,1,20,58766.7,,,false,sintetico
CALD-DEMO-01,2026-09-02T02:00:00-03:00,2026-09-02T02:06:00-03:00,C,OP-03,estavel,10.0,216,CHAMINE-1,8.3,ANALIS-01,62,86,16,0,0,58792.2,,,false,sintetico
CALD-DEMO-01,2026-09-02T04:00:00-03:00,2026-09-02T04:06:00-03:00,C,OP-03,estavel,10.1,213,CHAMINE-1,7.5,ANALIS-01,110,85,18,1,20,58817.9,,,false,sintetico
CALD-DEMO-01,2026-09-02T06:00:00-03:00,2026-09-02T06:03:00-03:00,A,OP-01,estavel,10.2,220,CHAMINE-1,7.4,ANALIS-01,45,86,18,0,0,58844.7,,,false,sintetico
CALD-DEMO-01,2026-09-02T08:00:00-03:00,2026-09-02T08:05:00-03:00,A,OP-01,estavel,10.1,217,CHAMINE-1,7.7,ANALIS-01,72,85,21,1,20,58873.0,,,false,sintetico
CALD-DEMO-01,2026-09-02T10:00:00-03:00,2026-09-02T10:03:00-03:00,A,OP-01,estavel,10.1,215,CHAMINE-1,7.8,ANALIS-01,96,84,23,0,0,58904.8,,,false,sintetico
CALD-DEMO-01,2026-09-02T12:00:00-03:00,2026-09-02T12:07:00-03:00,A,OP-01,estavel,9.9,216,CHAMINE-1,8.0,ANALIS-01,42,84,24,1,20,58936.9,,,false,sintetico
CALD-DEMO-01,2026-09-02T14:00:00-03:00,2026-09-02T14:08:00-03:00,B,OP-02,estavel,9.9,216,CHAMINE-1,7.8,ANALIS-01,123,84,28,0,0,58970.2,,,false,sintetico
CALD-DEMO-01,2026-09-02T16:00:00-03:00,2026-09-02T16:03:00-03:00,B,OP-02,estavel,9.8,218,CHAMINE-1,7.5,ANALIS-01,83,84,26,1,20,59003.3,,,false,sintetico
CALD-DEMO-01,2026-09-02T18:00:00-03:00,2026-09-02T18:04:00-03:00,B,OP-02,estavel,10.1,219,CHAMINE-1,7.7,ANALIS-01,95,85,27,0,0,59034.1,,,false,sintetico
CALD-DEMO-01,2026-09-02T20:00:00-03:00,2026-09-02T20:02:00-03:00,B,OP-02,estavel,10.0,219,CHAMINE-1,7.2,ANALIS-01,64,85,24,1,20,59063.7,,,false,sintetico
CALD-DEMO-01,2026-09-02T22:00:00-03:00,2026-09-02T22:04:00-03:00,C,OP-03,estavel,10.1,211,CHAMINE-1,6.9,ANALIS-01,128,85,21,0,0,59092.8,,,false,sintetico
CALD-DEMO-01,2026-09-03T00:00:00-03:00,2026-09-03T00:07:00-03:00,C,OP-03,estavel,10.0,217,CHAMINE-1,7.5,ANALIS-01,82,85,16,1,20,59120.9,,,false,sintetico
CALD-DEMO-01,2026-09-03T02:00:00-03:00,2026-09-03T02:02:00-03:00,C,OP-03,estavel,10.1,214,CHAMINE-1,7.8,ANALIS-01,92,86,16,0,0,59147.3,,,false,sintetico
CALD-DEMO-01,2026-09-03T04:00:00-03:00,2026-09-03T04:03:00-03:00,C,OP-03,estavel,10.1,220,CHAMINE-1,7.8,ANALIS-01,80,84,18,1,20,59174.4,,,false,sintetico
CALD-DEMO-01,2026-09-03T06:00:00-03:00,2026-09-03T06:03:00-03:00,A,OP-01,estavel,10.1,215,CHAMINE-1,7.6,ANALIS-01,95,86,18,0,0,59203.0,,,false,sintetico
CALD-DEMO-01,2026-09-03T08:00:00-03:00,2026-09-03T08:07:00-03:00,A,OP-01,estavel,10.1,221,CHAMINE-1,7.2,ANALIS-01,85,85,21,1,20,59232.0,,,false,sintetico
CALD-DEMO-01,2026-09-03T10:00:00-03:00,2026-09-03T10:03:00-03:00,A,OP-01,estavel,10.1,215,CHAMINE-1,7.6,ANALIS-01,56,86,23,0,0,59263.3,,,false,sintetico
CALD-DEMO-01,2026-09-03T12:00:00-03:00,2026-09-03T12:07:00-03:00,A,OP-01,estavel,10.0,212,CHAMINE-1,7.4,ANALIS-01,117,83,26,1,20,59295.2,,,false,sintetico
CALD-DEMO-01,2026-09-03T14:00:00-03:00,2026-09-03T14:04:00-03:00,B,OP-02,estavel,10.0,213,CHAMINE-1,7.4,ANALIS-01,54,84,27,0,0,59328.8,,,false,sintetico
CALD-DEMO-01,2026-09-03T16:00:00-03:00,2026-09-03T16:08:00-03:00,B,OP-02,estavel,10.1,215,CHAMINE-1,8.2,ANALIS-01,41,84,26,1,20,59362.4,,,false,sintetico
CALD-DEMO-01,2026-09-03T18:00:00-03:00,2026-09-03T18:04:00-03:00,B,OP-02,estavel,9.9,221,CHAMINE-1,8.2,ANALIS-01,92,86,26,0,0,59393.4,,,false,sintetico
CALD-DEMO-01,2026-09-03T20:00:00-03:00,2026-09-03T20:07:00-03:00,B,OP-02,estavel,10.2,214,CHAMINE-1,7.6,ANALIS-01,80,85,23,1,20,59423.0,,,false,sintetico
CALD-DEMO-01,2026-09-03T22:00:00-03:00,2026-09-03T22:06:00-03:00,C,OP-03,estavel,10.0,218,CHAMINE-1,7.0,ANALIS-01,11,85,19,0,0,59450.7,,,false,sintetico
CALD-DEMO-01,2026-09-04T00:00:00-03:00,2026-09-04T00:03:00-03:00,C,OP-03,estavel,10.0,214,CHAMINE-1,7.5,ANALIS-01,124,85,20,1,20,59476.1,,,false,sintetico
CALD-DEMO-01,2026-09-04T02:00:00-03:00,2026-09-04T02:08:00-03:00,C,OP-03,estavel,10.2,221,CHAMINE-1,7.4,ANALIS-01,49,85,18,0,0,59502.7,,,false,sintetico
CALD-DEMO-01,2026-09-04T04:00:00-03:00,2026-09-04T04:03:00-03:00,C,OP-03,estavel,10.2,218,CHAMINE-1,7.6,ANALIS-01,98,86,17,1,20,59530.6,,,false,sintetico
CALD-DEMO-01,2026-09-04T06:00:00-03:00,2026-09-04T06:06:00-03:00,A,OP-01,estavel,9.9,224,CHAMINE-1,7.2,ANALIS-01,73,85,19,0,0,59557.2,,,false,sintetico
CALD-DEMO-01,2026-09-04T08:00:00-03:00,2026-09-04T08:06:00-03:00,A,OP-01,estavel,10.0,219,CHAMINE-1,7.5,ANALIS-01,116,84,20,1,20,59585.7,,,false,sintetico
CALD-DEMO-01,2026-09-04T10:00:00-03:00,2026-09-04T10:06:00-03:00,A,OP-01,estavel,10.1,218,CHAMINE-1,7.0,ANALIS-01,63,84,22,0,0,59615.6,,,false,sintetico
CALD-DEMO-01,2026-09-04T12:00:00-03:00,2026-09-04T12:08:00-03:00,A,OP-01,estavel,10.0,220,CHAMINE-1,7.7,ANALIS-01,91,85,27,1,20,59646.3,,,false,sintetico
CALD-DEMO-01,2026-09-04T14:00:00-03:00,2026-09-04T14:04:00-03:00,B,OP-02,estavel,10.1,211,CHAMINE-1,7.8,ANALIS-01,93,84,26,0,0,59679.6,,,false,sintetico
CALD-DEMO-01,2026-09-04T16:00:00-03:00,2026-09-04T16:02:00-03:00,B,OP-02,estavel,9.8,220,CHAMINE-1,7.6,ANALIS-01,113,86,29,1,20,59712.3,,,false,sintetico
CALD-DEMO-01,2026-09-04T18:00:00-03:00,2026-09-04T18:04:00-03:00,B,OP-02,estavel,10.1,215,CHAMINE-1,8.0,ANALIS-01,54,85,26,0,0,59743.6,,,false,sintetico
CALD-DEMO-01,2026-09-04T20:00:00-03:00,2026-09-04T20:06:00-03:00,B,OP-02,estavel,9.9,221,CHAMINE-1,7.4,ANALIS-01,41,86,22,1,20,59774.4,,,false,sintetico
CALD-DEMO-01,2026-09-04T22:00:00-03:00,2026-09-04T22:08:00-03:00,C,OP-03,estavel,10.2,219,CHAMINE-1,7.5,ANALIS-01,67,84,22,0,0,59803.3,,,false,sintetico
CALD-DEMO-01,2026-09-05T00:00:00-03:00,2026-09-05T00:03:00-03:00,C,OP-03,estavel,10.2,218,CHAMINE-1,7.9,ANALIS-01,43,84,19,1,20,59830.3,,,false,sintetico
CALD-DEMO-01,2026-09-05T02:00:00-03:00,2026-09-05T02:03:00-03:00,C,OP-03,estavel,10.2,219,CHAMINE-1,7.5,ANALIS-01,85,86,18,0,0,59857.3,,,false,sintetico
CALD-DEMO-01,2026-09-05T04:00:00-03:00,2026-09-05T04:08:00-03:00,C,OP-03,estavel,10.0,215,CHAMINE-1,7.3,ANALIS-01,62,84,17,1,20,59883.0,,,false,sintetico
CALD-DEMO-01,2026-09-05T06:00:00-03:00,2026-09-05T06:03:00-03:00,A,OP-01,estavel,10.0,215,CHAMINE-1,7.6,ANALIS-01,80,86,18,0,0,59909.0,,,false,sintetico
CALD-DEMO-01,2026-09-05T08:00:00-03:00,2026-09-05T08:03:00-03:00,A,OP-01,estavel,10.0,217,CHAMINE-1,7.9,ANALIS-01,98,86,21,1,20,59937.5,,,false,sintetico
CALD-DEMO-01,2026-09-05T10:00:00-03:00,2026-09-05T10:06:00-03:00,A,OP-01,estavel,9.9,218,CHAMINE-1,7.2,ANALIS-01,55,86,23,0,0,59968.1,,,false,sintetico
CALD-DEMO-01,2026-09-05T12:00:00-03:00,2026-09-05T12:08:00-03:00,A,OP-01,estavel,9.9,215,CHAMINE-1,7.7,ANALIS-01,129,84,26,1,20,60000.4,,,false,sintetico
CALD-DEMO-01,2026-09-05T14:00:00-03:00,2026-09-05T14:07:00-03:00,B,OP-02,estavel,10.2,220,CHAMINE-1,7.3,ANALIS-01,105,85,26,0,0,60032.4,,,false,sintetico
CALD-DEMO-01,2026-09-05T16:00:00-03:00,2026-09-05T16:02:00-03:00,B,OP-02,estavel,10.0,221,CHAMINE-1,7.4,ANALIS-01,64,86,29,1,20,60064.8,,,false,sintetico
CALD-DEMO-01,2026-09-05T18:00:00-03:00,2026-09-05T18:04:00-03:00,B,OP-02,estavel,10.0,215,CHAMINE-1,7.7,ANALIS-01,108,84,26,0,0,60096.5,,,false,sintetico
CALD-DEMO-01,2026-09-05T20:00:00-03:00,2026-09-05T20:04:00-03:00,B,OP-02,estavel,10.0,222,CHAMINE-1,7.1,ANALIS-01,129,85,24,1,20,60126.3,,,false,sintetico
CALD-DEMO-01,2026-09-05T22:00:00-03:00,2026-09-05T22:04:00-03:00,C,OP-03,estavel,10.1,218,CHAMINE-1,6.8,ANALIS-01,87,86,20,0,0,60153.5,,,false,sintetico
CALD-DEMO-01,2026-09-06T00:00:00-03:00,2026-09-06T00:03:00-03:00,C,OP-03,estavel,9.9,217,CHAMINE-1,7.2,ANALIS-01,60,85,19,1,20,60180.7,,,false,sintetico
CALD-DEMO-01,2026-09-06T02:00:00-03:00,2026-09-06T02:08:00-03:00,C,OP-03,estavel,10.1,216,CHAMINE-1,7.9,ANALIS-01,79,85,16,0,0,60206.1,,,false,sintetico
CALD-DEMO-01,2026-09-06T04:00:00-03:00,2026-09-06T04:08:00-03:00,C,OP-03,estavel,9.8,213,CHAMINE-1,7.3,ANALIS-01,83,85,18,1,20,60232.7,,,false,sintetico
CALD-DEMO-01,2026-09-06T06:00:00-03:00,2026-09-06T06:03:00-03:00,A,OP-01,estavel,10.1,217,CHAMINE-1,7.0,ANALIS-01,122,83,19,0,0,60260.2,,,false,sintetico
CALD-DEMO-01,2026-09-06T08:00:00-03:00,2026-09-06T08:07:00-03:00,A,OP-01,estavel,9.8,217,CHAMINE-1,7.5,ANALIS-01,93,85,21,1,20,60289.4,,,false,sintetico
CALD-DEMO-01,2026-09-06T10:00:00-03:00,2026-09-06T10:03:00-03:00,A,OP-01,estavel,10.1,216,CHAMINE-1,7.6,ANALIS-01,82,86,24,0,0,60320.4,,,false,sintetico
CALD-DEMO-01,2026-09-06T12:00:00-03:00,2026-09-06T12:08:00-03:00,A,OP-01,estavel,10.1,216,CHAMINE-1,7.6,ANALIS-01,70,85,25,1,20,60351.6,,,false,sintetico
CALD-DEMO-01,2026-09-06T14:00:00-03:00,2026-09-06T14:06:00-03:00,B,OP-02,estavel,10.2,221,CHAMINE-1,7.8,ANALIS-01,63,85,26,0,0,60385.2,,,false,sintetico
CALD-DEMO-01,2026-09-06T16:00:00-03:00,2026-09-06T16:04:00-03:00,B,OP-02,estavel,10.0,221,CHAMINE-1,7.6,ANALIS-01,86,86,26,1,20,60418.3,,,false,sintetico
CALD-DEMO-01,2026-09-06T18:00:00-03:00,2026-09-06T18:08:00-03:00,B,OP-02,estavel,10.0,219,CHAMINE-1,7.5,ANALIS-01,69,85,26,0,0,60450.9,,,false,sintetico
CALD-DEMO-01,2026-09-06T20:00:00-03:00,2026-09-06T20:06:00-03:00,B,OP-02,estavel,10.0,217,CHAMINE-1,7.4,ANALIS-01,36,85,24,1,20,60480.2,,,false,sintetico
CALD-DEMO-01,2026-09-06T22:00:00-03:00,2026-09-06T22:04:00-03:00,C,OP-03,estavel,9.9,218,CHAMINE-1,7.6,ANALIS-01,74,86,20,0,0,60508.4,,,false,sintetico
CALD-DEMO-01,2026-09-07T00:00:00-03:00,2026-09-07T00:02:00-03:00,C,OP-03,estavel,10.0,216,CHAMINE-1,7.0,ANALIS-01,57,86,18,1,20,60536.3,,,false,sintetico
CALD-DEMO-01,2026-09-07T02:00:00-03:00,2026-09-07T02:02:00-03:00,C,OP-03,estavel,9.9,214,CHAMINE-1,7.5,ANALIS-01,10,84,17,0,0,60561.7,,,false,sintetico
CALD-DEMO-01,2026-09-07T04:00:00-03:00,2026-09-07T04:02:00-03:00,C,OP-03,estavel,9.8,220,CHAMINE-1,7.7,ANALIS-01,109,84,17,1,20,60588.8,,,false,sintetico
CALD-DEMO-01,2026-09-07T06:00:00-03:00,2026-09-07T06:05:00-03:00,A,OP-01,estavel,10.0,217,CHAMINE-1,7.2,ANALIS-01,83,85,19,0,0,60616.4,,,false,sintetico
CALD-DEMO-01,2026-09-07T08:00:00-03:00,2026-09-07T08:02:00-03:00,A,OP-01,estavel,10.0,215,CHAMINE-1,7.5,ANALIS-01,26,86,20,1,20,60646.6,,,false,sintetico
CALD-DEMO-01,2026-09-07T10:00:00-03:00,2026-09-07T10:02:00-03:00,A,OP-01,estavel,10.0,217,CHAMINE-1,7.2,ANALIS-01,115,86,25,0,0,60676.3,,,false,sintetico
CALD-DEMO-01,2026-09-07T12:00:00-03:00,2026-09-07T12:03:00-03:00,A,OP-01,estavel,10.0,216,CHAMINE-1,7.1,ANALIS-01,86,85,25,1,20,60707.5,,,false,sintetico
CALD-DEMO-01,2026-09-07T14:00:00-03:00,2026-09-07T14:07:00-03:00,B,OP-02,estavel,10.2,216,CHAMINE-1,7.5,ANALIS-01,118,84,27,0,0,60739.1,,,false,sintetico
CALD-DEMO-01,2026-09-07T16:00:00-03:00,2026-09-07T16:08:00-03:00,B,OP-02,estavel,10.0,220,CHAMINE-1,7.8,ANALIS-01,88,84,26,1,20,60772.3,,,false,sintetico
CALD-DEMO-01,2026-09-07T18:00:00-03:00,2026-09-07T18:02:00-03:00,B,OP-02,estavel,10.1,214,CHAMINE-1,7.8,ANALIS-01,61,85,27,0,0,60803.3,,,false,sintetico
CALD-DEMO-01,2026-09-07T20:00:00-03:00,2026-09-07T20:02:00-03:00,B,OP-02,estavel,10.2,218,CHAMINE-1,7.7,ANALIS-01,107,84,24,1,20,60833.6,,,false,sintetico
CALD-DEMO-01,2026-09-07T22:00:00-03:00,2026-09-07T22:07:00-03:00,C,OP-03,estavel,10.1,216,CHAMINE-1,8.3,ANALIS-01,86,86,21,0,0,60862.3,,,false,sintetico
CALD-DEMO-01,2026-09-08T00:00:00-03:00,2026-09-08T00:03:00-03:00,C,OP-03,estavel,10.0,219,CHAMINE-1,8.1,ANALIS-01,35,85,19,1,20,60888.4,,,false,sintetico
CALD-DEMO-01,2026-09-08T02:00:00-03:00,2026-09-08T02:06:00-03:00,C,OP-03,estavel,9.9,217,CHAMINE-1,8.0,ANALIS-01,85,86,17,0,0,60915.2,,,false,sintetico
CALD-DEMO-01,2026-09-08T04:00:00-03:00,2026-09-08T04:05:00-03:00,C,OP-03,estavel,10.2,220,CHAMINE-1,8.3,ANALIS-01,107,84,17,1,20,60942.4,,,false,sintetico
CALD-DEMO-01,2026-09-08T06:00:00-03:00,2026-09-08T06:05:00-03:00,A,OP-01,estavel,10.2,216,CHAMINE-1,7.8,ANALIS-01,57,84,18,0,0,60968.0,,,false,sintetico
CALD-DEMO-01,2026-09-08T08:00:00-03:00,2026-09-08T08:07:00-03:00,A,OP-01,estavel,9.9,219,CHAMINE-1,7.5,ANALIS-01,63,85,20,1,20,60997.6,,,false,sintetico
CALD-DEMO-01,2026-09-08T10:00:00-03:00,2026-09-08T10:08:00-03:00,A,OP-01,estavel,9.9,220,CHAMINE-1,7.5,ANALIS-01,58,86,25,0,0,61027.9,,,false,sintetico
CALD-DEMO-01,2026-09-08T12:00:00-03:00,2026-09-08T12:04:00-03:00,A,OP-01,estavel,9.9,220,CHAMINE-1,7.2,ANALIS-01,79,84,26,1,20,61061.3,,,false,sintetico
CALD-DEMO-01,2026-09-08T14:00:00-03:00,2026-09-08T14:05:00-03:00,B,OP-02,estavel,10.0,215,CHAMINE-1,7.8,ANALIS-01,110,85,27,0,0,61094.2,,,false,sintetico
CALD-DEMO-01,2026-09-08T16:00:00-03:00,2026-09-08T16:08:00-03:00,B,OP-02,estavel,10.0,217,CHAMINE-1,7.3,ANALIS-01,88,85,27,1,20,61127.2,,,false,sintetico
CALD-DEMO-01,2026-09-08T18:00:00-03:00,2026-09-08T18:07:00-03:00,B,OP-02,estavel,9.8,218,CHAMINE-1,8.2,ANALIS-01,99,85,27,0,0,61159.1,,,false,sintetico
CALD-DEMO-01,2026-09-08T20:00:00-03:00,2026-09-08T20:08:00-03:00,B,OP-02,estavel,10.2,219,CHAMINE-1,7.6,ANALIS-01,48,84,24,1,20,61190.4,,,false,sintetico
CALD-DEMO-01,2026-09-08T22:00:00-03:00,2026-09-08T22:08:00-03:00,C,OP-03,estavel,10.0,220,CHAMINE-1,7.7,ANALIS-01,61,85,19,0,0,61219.1,,,false,sintetico
CALD-DEMO-01,2026-09-09T00:00:00-03:00,2026-09-09T00:03:00-03:00,C,OP-03,estavel,10.0,215,CHAMINE-1,7.5,ANALIS-01,85,84,18,1,20,61246.2,,,false,sintetico
CALD-DEMO-01,2026-09-09T02:00:00-03:00,2026-09-09T02:05:00-03:00,C,OP-03,estavel,9.8,219,CHAMINE-1,7.9,ANALIS-01,78,86,18,0,0,61272.6,,,false,sintetico
CALD-DEMO-01,2026-09-09T04:00:00-03:00,2026-09-09T04:06:00-03:00,C,OP-03,estavel,10.0,219,CHAMINE-1,7.8,ANALIS-01,72,84,17,1,20,61300.1,,,false,sintetico
CALD-DEMO-01,2026-09-09T06:00:00-03:00,2026-09-09T06:02:00-03:00,A,OP-01,estavel,10.1,219,CHAMINE-1,8.1,ANALIS-01,43,86,19,0,0,61327.6,,,false,sintetico
CALD-DEMO-01,2026-09-09T08:00:00-03:00,2026-09-09T08:02:00-03:00,A,OP-01,estavel,10.1,215,CHAMINE-1,7.5,ANALIS-01,69,85,20,1,20,61356.4,,,false,sintetico
CALD-DEMO-01,2026-09-09T10:00:00-03:00,2026-09-09T10:02:00-03:00,A,OP-01,estavel,10.1,219,CHAMINE-1,7.3,ANALIS-01,114,87,23,0,0,61387.4,,,false,sintetico
CALD-DEMO-01,2026-09-09T12:00:00-03:00,2026-09-09T12:02:00-03:00,A,OP-01,estavel,10.1,215,CHAMINE-1,7.9,ANALIS-01,88,84,26,1,20,61420.1,,,false,sintetico
CALD-DEMO-01,2026-09-09T14:00:00-03:00,2026-09-09T14:03:00-03:00,B,OP-02,estavel,9.9,220,CHAMINE-1,6.6,ANALIS-01,78,85,27,0,0,61452.8,,,false,sintetico
CALD-DEMO-01,2026-09-09T16:00:00-03:00,2026-09-09T16:07:00-03:00,B,OP-02,estavel,9.9,217,CHAMINE-1,7.7,ANALIS-01,73,85,26,1,20,61484.8,,,false,sintetico
CALD-DEMO-01,2026-09-09T18:00:00-03:00,2026-09-09T18:06:00-03:00,B,OP-02,estavel,10.0,222,CHAMINE-1,7.3,ANALIS-01,83,86,26,0,0,61516.5,,,false,sintetico
CALD-DEMO-01,2026-09-09T20:00:00-03:00,2026-09-09T20:05:00-03:00,B,OP-02,estavel,10.0,220,CHAMINE-1,7.1,ANALIS-01,77,84,24,1,20,61547.2,,,false,sintetico
CALD-DEMO-01,2026-09-09T22:00:00-03:00,2026-09-09T22:03:00-03:00,C,OP-03,estavel,10.1,217,CHAMINE-1,7.6,ANALIS-01,74,86,20,0,0,61577.0,,,false,sintetico
CALD-DEMO-01,2026-09-10T00:00:00-03:00,2026-09-10T00:03:00-03:00,C,OP-03,estavel,9.9,216,CHAMINE-1,7.3,ANALIS-01,107,85,18,1,20,61603.8,,,false,sintetico
CALD-DEMO-01,2026-09-10T02:00:00-03:00,2026-09-10T02:07:00-03:00,C,OP-03,estavel,10.0,219,CHAMINE-1,7.5,ANALIS-01,78,85,18,0,0,61629.7,,,false,sintetico
CALD-DEMO-01,2026-09-10T04:00:00-03:00,2026-09-10T04:02:00-03:00,C,OP-03,estavel,10.0,215,CHAMINE-1,7.8,ANALIS-01,122,86,18,1,20,61654.7,,,false,sintetico
CALD-DEMO-01,2026-09-10T06:00:00-03:00,2026-09-10T06:02:00-03:00,A,OP-01,estavel,9.9,221,CHAMINE-1,7.6,ANALIS-01,74,85,18,0,0,61682.2,,,false,sintetico
CALD-DEMO-01,2026-09-10T08:00:00-03:00,2026-09-10T08:08:00-03:00,A,OP-01,estavel,10.1,214,CHAMINE-1,7.6,ANALIS-01,101,85,21,1,20,61711.3,,,false,sintetico
CALD-DEMO-01,2026-09-10T10:00:00-03:00,2026-09-10T10:02:00-03:00,A,OP-01,estavel,9.9,217,CHAMINE-1,8.0,ANALIS-01,56,86,22,0,0,61741.3,,,false,sintetico
CALD-DEMO-01,2026-09-10T12:00:00-03:00,2026-09-10T12:02:00-03:00,A,OP-01,estavel,10.0,221,CHAMINE-1,7.2,ANALIS-01,104,84,26,1,20,61772.5,,,false,sintetico
CALD-DEMO-01,2026-09-10T14:00:00-03:00,2026-09-10T14:05:00-03:00,B,OP-02,estavel,10.0,222,CHAMINE-1,7.9,ANALIS-01,76,84,26,0,0,61804.6,,,false,sintetico
CALD-DEMO-01,2026-09-10T16:00:00-03:00,2026-09-10T16:07:00-03:00,B,OP-02,estavel,9.9,221,CHAMINE-1,7.4,ANALIS-01,69,85,27,1,20,61837.5,,,false,sintetico
CALD-DEMO-01,2026-09-10T18:00:00-03:00,2026-09-10T18:06:00-03:00,B,OP-02,estavel,10.1,220,CHAMINE-1,7.2,ANALIS-01,82,84,26,0,0,61869.5,,,false,sintetico
CALD-DEMO-01,2026-09-10T20:00:00-03:00,2026-09-10T20:06:00-03:00,B,OP-02,estavel,10.0,216,CHAMINE-1,7.5,ANALIS-01,109,84,25,1,20,61900.2,,,false,sintetico
CALD-DEMO-01,2026-09-10T22:00:00-03:00,2026-09-10T22:07:00-03:00,C,OP-03,estavel,9.9,214,CHAMINE-1,7.5,ANALIS-01,77,84,19,0,0,61929.5,,,false,sintetico
CALD-DEMO-01,2026-09-11T00:00:00-03:00,2026-09-11T00:02:00-03:00,C,OP-03,estavel,10.0,217,CHAMINE-1,7.2,ANALIS-01,99,85,19,1,20,61956.6,,,false,sintetico
CALD-DEMO-01,2026-09-11T02:00:00-03:00,2026-09-11T02:08:00-03:00,C,OP-03,estavel,10.1,217,CHAMINE-1,7.6,ANALIS-01,48,86,17,0,0,61982.8,,,false,sintetico
CALD-DEMO-01,2026-09-11T04:00:00-03:00,2026-09-11T04:07:00-03:00,C,OP-03,estavel,10.2,214,CHAMINE-1,7.3,ANALIS-01,73,85,16,1,20,62008.1,,,false,sintetico
CALD-DEMO-01,2026-09-11T06:00:00-03:00,2026-09-11T06:07:00-03:00,A,OP-01,estavel,9.9,219,CHAMINE-1,7.6,ANALIS-01,70,86,18,0,0,62035.6,,,false,sintetico
CALD-DEMO-01,2026-09-11T08:00:00-03:00,2026-09-11T08:04:00-03:00,A,OP-01,estavel,10.3,222,CHAMINE-1,7.7,ANALIS-01,109,86,20,1,20,62064.0,,,false,sintetico
CALD-DEMO-01,2026-09-11T10:00:00-03:00,2026-09-11T10:06:00-03:00,A,OP-01,estavel,9.8,216,CHAMINE-1,7.6,ANALIS-01,105,86,24,0,0,62095.2,,,false,sintetico
CALD-DEMO-01,2026-09-11T12:00:00-03:00,2026-09-11T12:05:00-03:00,A,OP-01,estavel,10.1,218,CHAMINE-1,7.5,ANALIS-01,96,86,26,1,20,62127.0,,,false,sintetico
CALD-DEMO-01,2026-09-11T14:00:00-03:00,2026-09-11T14:07:00-03:00,B,OP-02,estavel,10.2,220,CHAMINE-1,7.2,ANALIS-01,122,85,26,0,0,62160.6,,,false,sintetico
CALD-DEMO-01,2026-09-11T16:00:00-03:00,2026-09-11T16:02:00-03:00,B,OP-02,estavel,10.0,219,CHAMINE-1,6.8,ANALIS-01,123,85,27,1,20,62193.4,,,false,sintetico
CALD-DEMO-01,2026-09-11T18:00:00-03:00,2026-09-11T18:07:00-03:00,B,OP-02,estavel,9.8,218,CHAMINE-1,6.9,ANALIS-01,97,86,25,0,0,62226.0,,,false,sintetico
CALD-DEMO-01,2026-09-11T20:00:00-03:00,2026-09-11T20:02:00-03:00,B,OP-02,estavel,10.1,219,CHAMINE-1,7.3,ANALIS-01,28,85,24,1,20,62254.8,,,false,sintetico
CALD-DEMO-01,2026-09-11T22:00:00-03:00,2026-09-11T22:02:00-03:00,C,OP-03,estavel,9.9,217,CHAMINE-1,7.0,ANALIS-01,110,85,20,0,0,62284.4,,,false,sintetico
CALD-DEMO-01,2026-09-12T00:00:00-03:00,2026-09-12T00:08:00-03:00,C,OP-03,estavel,10.0,217,CHAMINE-1,7.9,ANALIS-01,96,85,19,1,20,62311.1,,,false,sintetico
CALD-DEMO-01,2026-09-12T02:00:00-03:00,2026-09-12T02:06:00-03:00,C,OP-03,estavel,10.1,218,CHAMINE-1,7.4,ANALIS-01,50,84,18,0,0,62336.6,,,false,sintetico
CALD-DEMO-01,2026-09-13T16:00:00-03:00,2026-09-13T16:05:00-03:00,B,OP-02,estavel,9.8,222,CHAMINE-1,7.2,ANALIS-01,65,85,26,1,20,62900.2,,,false,sintetico
CALD-DEMO-01,2026-09-13T18:00:00-03:00,2026-09-13T18:02:00-03:00,B,OP-02,estavel,10.0,219,CHAMINE-1,7.7,ANALIS-01,57,84,26,0,0,62932.2,,,false,sintetico
CALD-DEMO-01,2026-09-13T20:00:00-03:00,2026-09-13T20:08:00-03:00,B,OP-02,estavel,10.1,211,CHAMINE-1,7.9,ANALIS-01,97,85,24,1,20,62962.6,,,false,sintetico
CALD-DEMO-01,2026-09-13T22:00:00-03:00,2026-09-13T22:08:00-03:00,C,OP-03,estavel,9.9,221,CHAMINE-1,7.5,ANALIS-01,42,86,20,0,0,62992.2,,,false,sintetico
CALD-DEMO-01,2026-09-14T00:00:00-03:00,2026-09-14T00:02:00-03:00,C,OP-03,estavel,10.0,222,CHAMINE-1,7.5,ANALIS-01,75,86,19,1,20,63018.7,,,false,sintetico
CALD-DEMO-01,2026-09-14T02:00:00-03:00,2026-09-14T02:05:00-03:00,C,OP-03,estavel,9.9,220,CHAMINE-1,7.7,ANALIS-01,90,85,16,0,0,63044.4,,,false,sintetico
CALD-DEMO-01,2026-09-14T04:00:00-03:00,2026-09-14T04:04:00-03:00,C,OP-03,estavel,10.0,215,CHAMINE-1,7.5,ANALIS-01,96,85,18,1,20,63071.0,,,false,sintetico
CALD-DEMO-01,2026-09-14T06:00:00-03:00,2026-09-14T06:08:00-03:00,A,OP-01,estavel,10.1,219,CHAMINE-1,6.9,ANALIS-01,68,85,18,0,0,63097.7,,,false,sintetico
CALD-DEMO-01,2026-09-14T08:00:00-03:00,2026-09-14T08:08:00-03:00,A,OP-01,estavel,10.0,221,CHAMINE-1,7.6,ANALIS-01,104,86,22,1,20,,,medidor de vapor em manutenção,true,sintetico
CALD-DEMO-01,2026-09-14T10:00:00-03:00,2026-09-14T10:04:00-03:00,A,OP-01,estavel,10.0,216,CHAMINE-1,7.8,ANALIS-01,83,83,25,0,0,,,,true,sintetico
CALD-DEMO-01,2026-09-14T12:00:00-03:00,2026-09-14T12:05:00-03:00,A,OP-01,estavel,9.9,219,CHAMINE-1,7.5,ANALIS-01,71,84,26,1,20,,,,true,sintetico
CALD-DEMO-01,2026-09-14T14:00:00-03:00,2026-09-14T14:04:00-03:00,B,OP-02,estavel,10.0,221,CHAMINE-1,7.5,ANALIS-01,94,86,28,0,0,,,,true,sintetico
CALD-DEMO-01,2026-09-14T16:00:00-03:00,2026-09-14T16:06:00-03:00,B,OP-02,estavel,10.3,218,CHAMINE-1,7.8,ANALIS-01,111,84,27,1,20,,,,true,sintetico
CALD-DEMO-01,2026-09-14T18:00:00-03:00,2026-09-14T18:02:00-03:00,B,OP-02,estavel,10.0,215,CHAMINE-1,6.9,ANALIS-01,155,85,25,0,0,,,,true,sintetico
CALD-DEMO-01,2026-09-14T20:00:00-03:00,2026-09-14T20:08:00-03:00,B,OP-02,estavel,9.9,217,CHAMINE-1,7.8,ANALIS-01,64,85,23,1,20,,,,true,sintetico
CALD-DEMO-01,2026-09-14T22:00:00-03:00,2026-09-14T22:06:00-03:00,C,OP-03,estavel,9.9,218,CHAMINE-1,8.0,ANALIS-01,76,85,21,0,0,,,,true,sintetico
CALD-DEMO-01,2026-09-15T00:00:00-03:00,2026-09-15T00:05:00-03:00,C,OP-03,estavel,10.1,215,CHAMINE-1,7.2,ANALIS-01,146,85,19,1,20,,,,true,sintetico
CALD-DEMO-01,2026-09-15T02:00:00-03:00,2026-09-15T02:03:00-03:00,C,OP-03,estavel,9.9,217,CHAMINE-1,7.5,ANALIS-01,75,86,17,0,0,,,,true,sintetico
CALD-DEMO-01,2026-09-15T04:00:00-03:00,2026-09-15T04:04:00-03:00,C,OP-03,estavel,9.9,218,CHAMINE-1,7.4,ANALIS-01,112,85,17,1,20,,,,true,sintetico
CALD-DEMO-01,2026-09-15T06:00:00-03:00,2026-09-15T06:06:00-03:00,A,OP-01,estavel,10.1,217,CHAMINE-1,7.8,ANALIS-01,71,85,19,0,0,,,,true,sintetico
CALD-DEMO-01,2026-09-15T08:00:00-03:00,2026-09-15T08:04:00-03:00,A,OP-01,estavel,9.9,217,CHAMINE-1,7.5,ANALIS-01,80,86,21,1,20,,,,true,sintetico
CALD-DEMO-01,2026-09-15T10:00:00-03:00,2026-09-15T10:07:00-03:00,A,OP-01,estavel,10.1,215,CHAMINE-1,7.5,ANALIS-01,69,84,24,0,0,,,,true,sintetico
CALD-DEMO-01,2026-09-15T12:00:00-03:00,2026-09-15T12:04:00-03:00,A,OP-01,estavel,9.9,220,CHAMINE-1,7.1,ANALIS-01,67,85,26,1,20,,,,true,sintetico
CALD-DEMO-01,2026-09-15T14:00:00-03:00,2026-09-15T14:04:00-03:00,B,OP-02,estavel,10.0,221,CHAMINE-1,7.4,ANALIS-01,32,84,28,0,0,,,,true,sintetico
CALD-DEMO-01,2026-09-15T16:00:00-03:00,2026-09-15T16:03:00-03:00,B,OP-02,estavel,9.9,218,CHAMINE-1,7.4,ANALIS-01,102,86,27,1,20,,,,true,sintetico
CALD-DEMO-01,2026-09-15T18:00:00-03:00,2026-09-15T18:07:00-03:00,B,OP-02,estavel,10.2,219,CHAMINE-1,7.8,ANALIS-01,114,84,24,0,0,,,,true,sintetico
CALD-DEMO-01,2026-09-15T20:00:00-03:00,2026-09-15T20:06:00-03:00,B,OP-02,estavel,10.1,218,CHAMINE-1,7.8,ANALIS-01,89,85,22,1,20,,,,true,sintetico
CALD-DEMO-01,2026-09-15T22:00:00-03:00,2026-09-15T22:04:00-03:00,C,OP-03,estavel,10.3,224,CHAMINE-1,7.5,ANALIS-01,85,86,20,0,0,,,,true,sintetico
CALD-DEMO-01,2026-09-16T00:00:00-03:00,2026-09-16T00:07:00-03:00,C,OP-03,estavel,9.9,220,CHAMINE-1,7.5,ANALIS-01,51,85,19,1,20,,,,true,sintetico
CALD-DEMO-01,2026-09-16T02:00:00-03:00,2026-09-16T02:04:00-03:00,C,OP-03,estavel,9.9,216,CHAMINE-1,7.7,ANALIS-01,42,84,17,0,0,,,,true,sintetico
CALD-DEMO-01,2026-09-16T04:00:00-03:00,2026-09-16T04:07:00-03:00,C,OP-03,estavel,10.0,222,CHAMINE-1,7.9,ANALIS-01,89,86,18,1,20,,,,true,sintetico
CALD-DEMO-01,2026-09-16T06:00:00-03:00,2026-09-16T06:04:00-03:00,A,OP-01,estavel,10.3,219,CHAMINE-1,7.9,ANALIS-01,123,85,19,0,0,,,,true,sintetico
CALD-DEMO-01,2026-09-16T08:00:00-03:00,2026-09-16T08:04:00-03:00,A,OP-01,estavel,10.3,217,CHAMINE-1,6.9,ANALIS-01,106,85,21,1,20,,,,true,sintetico
CALD-DEMO-01,2026-09-16T10:00:00-03:00,2026-09-16T10:06:00-03:00,A,OP-01,estavel,9.8,218,CHAMINE-1,7.5,ANALIS-01,92,84,24,0,0,,,,true,sintetico
CALD-DEMO-01,2026-09-16T12:00:00-03:00,2026-09-16T12:04:00-03:00,A,OP-01,estavel,9.9,213,CHAMINE-1,8.6,ANALIS-01,81,84,26,1,20,,,,true,sintetico
CALD-DEMO-01,2026-09-16T14:00:00-03:00,2026-09-16T14:06:00-03:00,B,OP-02,estavel,10.2,216,CHAMINE-1,7.5,ANALIS-01,83,86,28,0,0,,,,true,sintetico
CALD-DEMO-01,2026-09-16T16:00:00-03:00,2026-09-16T16:02:00-03:00,B,OP-02,estavel,10.0,215,CHAMINE-1,7.5,ANALIS-01,98,84,28,1,20,,,,true,sintetico
CALD-DEMO-01,2026-09-16T18:00:00-03:00,2026-09-16T18:05:00-03:00,B,OP-02,estavel,10.0,214,CHAMINE-1,7.7,ANALIS-01,92,86,25,0,0,,,,true,sintetico
CALD-DEMO-01,2026-09-16T20:00:00-03:00,2026-09-16T20:03:00-03:00,B,OP-02,estavel,10.0,220,CHAMINE-1,7.8,ANALIS-01,56,84,22,1,20,,,,true,sintetico
CALD-DEMO-01,2026-09-16T22:00:00-03:00,2026-09-16T22:06:00-03:00,C,OP-03,estavel,9.9,218,CHAMINE-1,6.9,ANALIS-01,98,84,21,0,0,,,,true,sintetico
CALD-DEMO-01,2026-09-17T00:00:00-03:00,2026-09-17T00:03:00-03:00,C,OP-03,estavel,10.0,219,CHAMINE-1,6.9,ANALIS-01,60,85,20,1,20,,,,true,sintetico
CALD-DEMO-01,2026-09-17T02:00:00-03:00,2026-09-17T02:05:00-03:00,C,OP-03,estavel,10.0,216,CHAMINE-1,7.1,ANALIS-01,107,87,17,0,0,,,,true,sintetico
CALD-DEMO-01,2026-09-17T04:00:00-03:00,2026-09-17T04:03:00-03:00,C,OP-03,estavel,9.9,216,CHAMINE-1,7.9,ANALIS-01,106,84,18,1,20,,,,true,sintetico
CALD-DEMO-01,2026-09-17T06:00:00-03:00,2026-09-17T06:06:00-03:00,A,OP-01,estavel,10.0,214,CHAMINE-1,7.5,ANALIS-01,117,84,18,0,0,,,,true,sintetico
CALD-DEMO-01,2026-09-17T08:00:00-03:00,2026-09-17T08:07:00-03:00,A,OP-01,estavel,10.1,216,CHAMINE-1,7.7,ANALIS-01,114,85,21,1,20,,,,true,sintetico
CALD-DEMO-01,2026-09-17T10:00:00-03:00,2026-09-17T10:02:00-03:00,A,OP-01,estavel,9.9,222,CHAMINE-1,7.5,ANALIS-01,55,85,22,0,0,,,,true,sintetico
CALD-DEMO-01,2026-09-17T12:00:00-03:00,2026-09-17T12:04:00-03:00,A,OP-01,estavel,10.0,218,CHAMINE-1,7.2,ANALIS-01,21,84,26,1,20,,,,true,sintetico
CALD-DEMO-01,2026-09-17T14:00:00-03:00,2026-09-17T14:06:00-03:00,B,OP-02,estavel,9.7,219,CHAMINE-1,7.3,ANALIS-01,95,85,27,0,0,,,,true,sintetico
CALD-DEMO-01,2026-09-17T16:00:00-03:00,2026-09-17T16:08:00-03:00,B,OP-02,estavel,10.2,217,CHAMINE-1,7.7,ANALIS-01,97,84,27,1,20,,,,true,sintetico
CALD-DEMO-01,2026-09-17T18:00:00-03:00,2026-09-17T18:08:00-03:00,B,OP-02,estavel,10.0,216,CHAMINE-1,7.3,ANALIS-01,111,84,26,0,0,,,,true,sintetico
CALD-DEMO-01,2026-09-17T20:00:00-03:00,2026-09-17T20:05:00-03:00,B,OP-02,estavel,9.9,219,CHAMINE-1,7.6,ANALIS-01,129,85,24,1,20,,,,true,sintetico
CALD-DEMO-01,2026-09-17T22:00:00-03:00,2026-09-17T22:04:00-03:00,C,OP-03,estavel,10.1,223,CHAMINE-1,7.5,ANALIS-01,98,86,21,0,0,,,,true,sintetico
CALD-DEMO-01,2026-09-18T00:00:00-03:00,2026-09-18T00:08:00-03:00,C,OP-03,estavel,10.1,220,CHAMINE-1,7.4,ANALIS-01,41,85,19,1,20,,,,true,sintetico
CALD-DEMO-01,2026-09-18T02:00:00-03:00,2026-09-18T02:05:00-03:00,C,OP-03,estavel,9.9,222,CHAMINE-1,7.6,ANALIS-01,85,86,17,0,0,,,,true,sintetico
CALD-DEMO-01,2026-09-18T04:00:00-03:00,2026-09-18T04:08:00-03:00,C,OP-03,estavel,9.9,217,CHAMINE-1,7.9,ANALIS-01,75,85,17,1,20,,,,true,sintetico
CALD-DEMO-01,2026-09-18T06:00:00-03:00,2026-09-18T06:02:00-03:00,A,OP-01,estavel,9.8,217,CHAMINE-1,7.4,ANALIS-01,78,86,18,0,0,,,,true,sintetico
CALD-DEMO-01,2026-09-18T08:00:00-03:00,2026-09-18T08:04:00-03:00,A,OP-01,estavel,9.9,218,CHAMINE-1,8.0,ANALIS-01,74,87,20,1,20,,,,true,sintetico
CALD-DEMO-01,2026-09-18T10:00:00-03:00,2026-09-18T10:02:00-03:00,A,OP-01,estavel,9.9,217,CHAMINE-1,7.7,ANALIS-01,67,85,24,0,0,,,,true,sintetico
CALD-DEMO-01,2026-09-18T12:00:00-03:00,2026-09-18T12:08:00-03:00,A,OP-01,estavel,10.1,219,CHAMINE-1,8.0,ANALIS-01,75,84,26,1,20,,,,true,sintetico
CALD-DEMO-01,2026-09-18T14:00:00-03:00,2026-09-18T14:07:00-03:00,B,OP-02,estavel,10.2,218,CHAMINE-1,7.2,ANALIS-01,77,86,27,0,0,,,,true,sintetico
CALD-DEMO-01,2026-09-18T16:00:00-03:00,2026-09-18T16:06:00-03:00,B,OP-02,estavel,10.0,222,CHAMINE-1,7.4,ANALIS-01,60,85,28,1,20,,,,true,sintetico
CALD-DEMO-01,2026-09-18T18:00:00-03:00,2026-09-18T18:05:00-03:00,B,OP-02,estavel,9.9,221,CHAMINE-1,7.6,ANALIS-01,97,85,25,0,0,,,,true,sintetico
CALD-DEMO-01,2026-09-18T20:00:00-03:00,2026-09-18T20:04:00-03:00,B,OP-02,estavel,10.1,218,CHAMINE-1,7.5,ANALIS-01,115,84,24,1,20,,,,true,sintetico
CALD-DEMO-01,2026-09-18T22:00:00-03:00,2026-09-18T22:06:00-03:00,C,OP-03,estavel,10.2,222,CHAMINE-1,7.1,ANALIS-01,71,85,21,0,0,,,,true,sintetico
CALD-DEMO-01,2026-09-19T00:00:00-03:00,2026-09-19T00:03:00-03:00,C,OP-03,estavel,10.0,219,CHAMINE-1,7.0,ANALIS-01,97,83,19,1,20,,,,true,sintetico
CALD-DEMO-01,2026-09-19T02:00:00-03:00,2026-09-19T02:08:00-03:00,C,OP-03,estavel,10.0,216,CHAMINE-1,7.1,ANALIS-01,20,85,17,0,0,,,,true,sintetico
CALD-DEMO-01,2026-09-19T04:00:00-03:00,2026-09-19T04:05:00-03:00,C,OP-03,estavel,9.8,223,CHAMINE-1,7.8,ANALIS-01,46,86,19,1,20,,,,true,sintetico
CALD-DEMO-01,2026-09-19T06:00:00-03:00,2026-09-19T06:08:00-03:00,A,OP-01,estavel,10.0,215,CHAMINE-1,7.1,ANALIS-01,56,87,19,0,0,,,,true,sintetico
CALD-DEMO-01,2026-09-19T08:00:00-03:00,2026-09-19T08:04:00-03:00,A,OP-01,estavel,9.9,218,CHAMINE-1,7.7,ANALIS-01,73,85,21,1,20,,,,true,sintetico
CALD-DEMO-01,2026-09-19T10:00:00-03:00,2026-09-19T10:06:00-03:00,A,OP-01,estavel,9.9,218,CHAMINE-1,7.4,ANALIS-01,92,85,23,0,0,,,,true,sintetico
CALD-DEMO-01,2026-09-19T12:00:00-03:00,2026-09-19T12:05:00-03:00,A,OP-01,estavel,9.8,218,CHAMINE-1,7.6,ANALIS-01,96,85,25,1,20,,,,true,sintetico
CALD-DEMO-01,2026-09-19T14:00:00-03:00,2026-09-19T14:04:00-03:00,B,OP-02,estavel,9.9,220,CHAMINE-1,7.6,ANALIS-01,86,83,27,0,0,,,,true,sintetico
CALD-DEMO-01,2026-09-19T16:00:00-03:00,2026-09-19T16:02:00-03:00,B,OP-02,estavel,10.1,218,CHAMINE-1,8.2,ANALIS-01,64,84,26,1,20,,,,true,sintetico
CALD-DEMO-01,2026-09-19T18:00:00-03:00,2026-09-19T18:06:00-03:00,B,OP-02,estavel,10.0,221,CHAMINE-1,7.0,ANALIS-01,74,85,26,0,0,,,,true,sintetico
CALD-DEMO-01,2026-09-19T20:00:00-03:00,2026-09-19T20:04:00-03:00,B,OP-02,estavel,9.8,219,CHAMINE-1,7.2,ANALIS-01,113,85,23,1,20,,,,true,sintetico
CALD-DEMO-01,2026-09-19T22:00:00-03:00,2026-09-19T22:02:00-03:00,C,OP-03,estavel,10.0,214,CHAMINE-1,7.6,ANALIS-01,98,86,21,0,0,,,,true,sintetico
CALD-DEMO-01,2026-09-20T00:00:00-03:00,2026-09-20T00:08:00-03:00,C,OP-03,estavel,9.9,217,CHAMINE-1,7.6,ANALIS-01,74,86,18,1,20,,,,true,sintetico
CALD-DEMO-01,2026-09-20T02:00:00-03:00,2026-09-20T06:05:00-03:00,C,OP-03,estavel,10.1,216,CHAMINE-1,8.0,ANALIS-01,74,86,18,0,0,,,,true,sintetico
CALD-DEMO-01,2026-09-20T04:00:00-03:00,2026-09-20T04:08:00-03:00,C,OP-03,estavel,10.1,220,CHAMINE-1,6.7,ANALIS-01,74,84,18,1,20,,,,true,sintetico
CALD-DEMO-01,2026-09-20T06:00:00-03:00,2026-09-20T06:03:00-03:00,A,OP-01,estavel,10.0,220,CHAMINE-1,7.9,ANALIS-01,103,85,19,0,0,,,,true,sintetico
CALD-DEMO-01,2026-09-20T08:00:00-03:00,2026-09-20T08:06:00-03:00,A,OP-01,estavel,10.2,217,CHAMINE-1,7.8,ANALIS-01,62,86,20,1,20,,,,true,sintetico
CALD-DEMO-01,2026-09-20T10:00:00-03:00,2026-09-20T10:05:00-03:00,A,OP-01,estavel,10.0,216,CHAMINE-1,7.1,ANALIS-01,86,86,23,0,0,,,,true,sintetico
CALD-DEMO-01,2026-09-20T12:00:00-03:00,2026-09-20T12:06:00-03:00,A,OP-01,estavel,10.0,217,CHAMINE-1,7.3,ANALIS-01,89,83,26,1,20,,,,true,sintetico
CALD-DEMO-01,2026-09-20T14:00:00-03:00,2026-09-20T14:07:00-03:00,B,OP-02,estavel,10.0,222,CHAMINE-1,7.1,ANALIS-01,82,83,25,0,0,,,,true,sintetico
CALD-DEMO-01,2026-09-20T16:00:00-03:00,2026-09-20T16:07:00-03:00,B,OP-02,estavel,10.2,220,CHAMINE-1,7.8,ANALIS-01,96,84,26,1,20,,,,true,sintetico
CALD-DEMO-01,2026-09-20T18:00:00-03:00,2026-09-20T18:02:00-03:00,B,OP-02,estavel,9.9,215,CHAMINE-1,7.1,ANALIS-01,65,85,27,0,0,,,,true,sintetico
CALD-DEMO-01,2026-09-20T20:00:00-03:00,2026-09-20T20:02:00-03:00,B,OP-02,estavel,10.2,217,CHAMINE-1,7.6,ANALIS-01,100,84,22,1,20,,,,true,sintetico
CALD-DEMO-01,2026-09-20T22:00:00-03:00,2026-09-20T22:03:00-03:00,C,OP-03,estavel,10.2,218,CHAMINE-1,7.3,ANALIS-01,75,85,22,0,0,,,,true,sintetico
CALD-DEMO-01,2026-09-21T00:00:00-03:00,2026-09-21T00:06:00-03:00,C,OP-03,estavel,10.1,220,CHAMINE-1,7.9,ANALIS-01,94,87,19,1,20,,,,true,sintetico
CALD-DEMO-01,2026-09-21T02:00:00-03:00,2026-09-21T02:05:00-03:00,C,OP-03,estavel,9.9,219,CHAMINE-1,7.5,ANALIS-01,59,85,17,0,0,,,,true,sintetico
CALD-DEMO-01,2026-09-21T04:00:00-03:00,2026-09-21T04:07:00-03:00,C,OP-03,estavel,9.8,220,CHAMINE-1,7.4,ANALIS-01,32,86,17,1,20,,,,true,sintetico
CALD-DEMO-01,2026-09-21T06:00:00-03:00,2026-09-21T06:05:00-03:00,A,OP-01,estavel,10.0,218,CHAMINE-1,6.9,ANALIS-01,89,86,19,0,0,,,,true,sintetico
CALD-DEMO-01,2026-09-21T08:00:00-03:00,2026-09-21T08:06:00-03:00,A,OP-01,estavel,10.0,221,CHAMINE-1,8.1,ANALIS-01,92,84,20,1,20,28.4,,,false,sintetico
CALD-DEMO-01,2026-09-21T10:00:00-03:00,2026-09-21T10:02:00-03:00,A,OP-01,estavel,9.9,214,CHAMINE-1,7.3,ANALIS-01,105,85,23,0,0,59.8,,,false,sintetico
CALD-DEMO-01,2026-09-21T12:00:00-03:00,2026-09-21T12:06:00-03:00,A,OP-01,estavel,10.0,217,CHAMINE-1,7.5,ANALIS-01,95,85,27,1,20,90.1,,,false,sintetico
CALD-DEMO-01,2026-09-21T14:00:00-03:00,2026-09-21T14:07:00-03:00,B,OP-02,parada,9.9,,CHAMINE-1,,ANALIS-01,,86,28,0,0,90.1,,parada para limpeza dos tubos de fumaça,false,sintetico
CALD-DEMO-01,2026-09-21T16:00:00-03:00,2026-09-21T16:06:00-03:00,B,OP-02,parada,10.1,,CHAMINE-1,,ANALIS-01,,85,26,1,20,90.1,,,false,sintetico
CALD-DEMO-01,2026-09-21T18:00:00-03:00,2026-09-21T18:06:00-03:00,B,OP-02,estavel,10.0,184,CHAMINE-1,7.4,ANALIS-01,39,84,25,0,0,121.5,,,false,sintetico
CALD-DEMO-01,2026-09-21T20:00:00-03:00,2026-09-21T20:03:00-03:00,B,OP-02,estavel,9.9,190,CHAMINE-1,7.3,ANALIS-01,67,84,24,1,20,150.3,,,false,sintetico
CALD-DEMO-01,2026-09-21T22:00:00-03:00,2026-09-21T22:06:00-03:00,C,OP-03,estavel,10.1,188,CHAMINE-1,7.5,ANALIS-01,129,86,20,0,0,178.2,,,false,sintetico
CALD-DEMO-01,2026-09-22T00:00:00-03:00,2026-09-22T00:05:00-03:00,C,OP-03,estavel,9.9,189,CHAMINE-1,7.7,ANALIS-01,99,84,20,1,20,205.4,,,false,sintetico
CALD-DEMO-01,2026-09-22T02:00:00-03:00,2026-09-22T02:03:00-03:00,C,OP-03,estavel,9.9,189,CHAMINE-1,7.5,ANALIS-01,19,86,17,0,0,231.6,,,false,sintetico
CALD-DEMO-01,2026-09-22T04:00:00-03:00,2026-09-22T04:08:00-03:00,C,OP-03,estavel,9.8,184,CHAMINE-1,7.3,ANALIS-01,100,85,18,1,20,258.9,,,false,sintetico
CALD-DEMO-01,2026-09-22T06:00:00-03:00,2026-09-22T06:08:00-03:00,A,OP-01,estavel,9.7,186,CHAMINE-1,7.9,ANALIS-01,86,88,20,0,0,287.1,,,false,sintetico
CALD-DEMO-01,2026-09-22T08:00:00-03:00,2026-09-22T08:04:00-03:00,A,OP-01,estavel,9.9,187,CHAMINE-1,7.3,ANALIS-01,80,84,20,1,20,316.4,,,false,sintetico
CALD-DEMO-01,2026-09-22T10:00:00-03:00,2026-09-22T10:05:00-03:00,A,OP-01,estavel,10.0,184,CHAMINE-1,7.4,ANALIS-01,84,84,23,0,0,347.7,,,false,sintetico
CALD-DEMO-01,2026-09-22T12:00:00-03:00,2026-09-22T12:08:00-03:00,A,OP-01,estavel,10.1,186,CHAMINE-1,7.8,ANALIS-01,55,85,26,1,20,377.7,,,false,sintetico
CALD-DEMO-01,2026-09-22T14:00:00-03:00,2026-09-22T14:05:00-03:00,B,OP-02,estavel,10.0,187,CHAMINE-1,7.2,ANALIS-01,122,86,26,0,0,410.2,,,false,sintetico
CALD-DEMO-01,2026-09-22T16:00:00-03:00,2026-09-22T16:04:00-03:00,B,OP-02,estavel,9.9,184,CHAMINE-1,7.2,ANALIS-01,93,85,27,1,20,443.4,,,false,sintetico
CALD-DEMO-01,2026-09-22T18:00:00-03:00,2026-09-22T18:08:00-03:00,B,OP-02,estavel,9.7,183,CHAMINE-1,7.8,ANALIS-01,89,83,25,0,0,475.0,,,false,sintetico
CALD-DEMO-01,2026-09-22T20:00:00-03:00,2026-09-22T20:04:00-03:00,B,OP-02,estavel,10.1,189,CHAMINE-1,7.6,ANALIS-01,80,85,24,1,20,505.2,,,false,sintetico
CALD-DEMO-01,2026-09-22T22:00:00-03:00,2026-09-22T22:04:00-03:00,C,OP-03,estavel,10.0,181,CHAMINE-1,7.4,ANALIS-01,43,85,22,0,0,533.5,,,false,sintetico
CALD-DEMO-01,2026-09-23T00:00:00-03:00,2026-09-23T00:05:00-03:00,C,OP-03,estavel,9.9,185,CHAMINE-1,7.3,ANALIS-01,75,86,19,1,20,560.1,,,false,sintetico
CALD-DEMO-01,2026-09-23T02:00:00-03:00,2026-09-23T02:03:00-03:00,C,OP-03,estavel,9.8,185,CHAMINE-1,7.6,ANALIS-01,102,85,18,0,0,587.3,,,false,sintetico
CALD-DEMO-01,2026-09-23T04:00:00-03:00,2026-09-23T04:03:00-03:00,C,OP-03,estavel,10.2,186,CHAMINE-1,7.3,ANALIS-01,90,86,17,1,20,614.8,,,false,sintetico
CALD-DEMO-01,2026-09-23T06:00:00-03:00,2026-09-23T06:04:00-03:00,A,OP-01,estavel,9.9,186,CHAMINE-1,7.7,ANALIS-01,101,85,19,0,0,643.6,,,false,sintetico
CALD-DEMO-01,2026-09-23T08:00:00-03:00,2026-09-23T08:07:00-03:00,A,OP-01,estavel,10.1,185,CHAMINE-1,7.3,ANALIS-01,78,87,21,1,20,672.2,,,false,sintetico
CALD-DEMO-01,2026-09-23T10:00:00-03:00,2026-09-23T10:04:00-03:00,A,OP-01,estavel,9.9,188,CHAMINE-1,7.1,ANALIS-01,80,86,24,0,0,701.5,,,false,sintetico
CALD-DEMO-01,2026-09-23T12:00:00-03:00,2026-09-23T12:03:00-03:00,A,OP-01,estavel,10.1,188,CHAMINE-1,8.0,ANALIS-01,132,84,26,1,20,734.5,,,false,sintetico
CALD-DEMO-01,2026-09-23T14:00:00-03:00,2026-09-23T14:06:00-03:00,B,OP-02,estavel,10.1,189,CHAMINE-1,7.5,ANALIS-01,64,85,27,0,0,766.8,,,false,sintetico
CALD-DEMO-01,2026-09-23T16:00:00-03:00,2026-09-23T16:06:00-03:00,B,OP-02,estavel,10.0,186,CHAMINE-1,7.8,ANALIS-01,13,85,26,1,20,799.6,,,false,sintetico
CALD-DEMO-01,2026-09-23T18:00:00-03:00,2026-09-23T18:04:00-03:00,B,OP-02,estavel,10.0,188,CHAMINE-1,7.5,ANALIS-01,69,86,27,0,0,831.8,,,false,sintetico
CALD-DEMO-01,2026-09-23T20:00:00-03:00,2026-09-23T20:04:00-03:00,B,OP-02,estavel,9.9,187,CHAMINE-1,7.3,ANALIS-01,61,85,24,1,20,862.6,,,false,sintetico
CALD-DEMO-01,2026-09-23T22:00:00-03:00,2026-09-23T22:07:00-03:00,C,OP-03,estavel,10.1,185,CHAMINE-1,7.4,ANALIS-01,90,85,21,0,0,891.7,,,false,sintetico
CALD-DEMO-01,2026-09-24T00:00:00-03:00,2026-09-24T00:08:00-03:00,C,OP-03,estavel,10.2,182,CHAMINE-1,7.4,ANALIS-01,18,86,19,1,20,918.3,,,false,sintetico
CALD-DEMO-01,2026-09-24T02:00:00-03:00,2026-09-24T06:05:00-03:00,C,OP-03,estavel,10.0,190,CHAMINE-1,7.7,ANALIS-01,66,86,18,0,0,946.7,,,false,sintetico
CALD-DEMO-01,2026-09-24T04:00:00-03:00,2026-09-24T04:04:00-03:00,C,OP-03,estavel,10.1,190,CHAMINE-1,7.1,ANALIS-01,106,84,17,1,20,972.6,,,false,sintetico
CALD-DEMO-01,2026-09-24T06:00:00-03:00,2026-09-24T06:06:00-03:00,A,OP-01,estavel,10.1,187,CHAMINE-1,7.6,ANALIS-01,57,85,18,0,0,1000.2,,,false,sintetico
CALD-DEMO-01,2026-09-24T08:00:00-03:00,2026-09-24T08:05:00-03:00,A,OP-01,estavel,10.0,185,CHAMINE-1,7.3,ANALIS-01,57,84,20,1,20,1029.3,,,false,sintetico
CALD-DEMO-01,2026-09-24T10:00:00-03:00,2026-09-24T10:02:00-03:00,A,OP-01,estavel,10.0,190,CHAMINE-1,8.0,ANALIS-01,36,86,24,0,0,1059.2,,,false,sintetico
CALD-DEMO-01,2026-09-24T12:00:00-03:00,2026-09-24T12:03:00-03:00,A,OP-01,estavel,10.0,186,CHAMINE-1,7.3,ANALIS-01,91,86,25,1,20,1089.7,,,false,sintetico
CALD-DEMO-01,2026-09-24T14:00:00-03:00,2026-09-24T14:07:00-03:00,B,OP-02,estavel,9.9,188,CHAMINE-1,7.8,ANALIS-01,80,86,24,0,0,1122.1,,,false,sintetico
CALD-DEMO-01,2026-09-24T16:00:00-03:00,2026-09-24T16:05:00-03:00,B,OP-02,estavel,9.9,187,CHAMINE-1,8.0,ANALIS-01,61,86,27,1,20,1155.6,,,false,sintetico
CALD-DEMO-01,2026-09-24T18:00:00-03:00,2026-09-24T18:05:00-03:00,B,OP-02,estavel,10.0,188,CHAMINE-1,7.3,ANALIS-01,76,87,25,0,0,1185.9,,,false,sintetico
CALD-DEMO-01,2026-09-24T20:00:00-03:00,2026-09-24T20:04:00-03:00,B,OP-02,estavel,10.1,186,CHAMINE-1,7.8,ANALIS-01,91,84,24,1,20,1217.2,,,false,sintetico
CALD-DEMO-01,2026-09-24T22:00:00-03:00,2026-09-24T22:02:00-03:00,C,OP-03,estavel,9.9,185,CHAMINE-1,7.9,ANALIS-01,51,86,20,0,0,1246.1,,,false,sintetico
CALD-DEMO-01,2026-09-25T00:00:00-03:00,2026-09-25T00:05:00-03:00,C,OP-03,estavel,10.0,181,CHAMINE-1,7.2,ANALIS-01,130,85,19,1,20,1274.0,,,false,sintetico
CALD-DEMO-01,2026-09-25T02:00:00-03:00,2026-09-25T02:04:00-03:00,C,OP-03,estavel,10.2,188,CHAMINE-1,7.3,ANALIS-01,67,85,19,0,0,1300.7,,,false,sintetico
CALD-DEMO-01,2026-09-25T04:00:00-03:00,2026-09-25T04:04:00-03:00,C,OP-03,estavel,9.9,187,CHAMINE-1,7.6,ANALIS-01,117,84,17,1,20,1326.8,,,false,sintetico
CALD-DEMO-01,2026-09-25T06:00:00-03:00,2026-09-25T06:05:00-03:00,A,OP-01,estavel,10.0,185,CHAMINE-1,7.3,ANALIS-01,70,85,19,0,0,1354.6,,,false,sintetico
CALD-DEMO-01,2026-09-25T08:00:00-03:00,2026-09-25T08:07:00-03:00,A,OP-01,estavel,9.9,187,CHAMINE-1,7.2,ANALIS-01,81,85,21,1,20,1382.9,,,false,sintetico
CALD-DEMO-01,2026-09-25T10:00:00-03:00,2026-09-25T10:05:00-03:00,A,OP-01,estavel,10.1,187,CHAMINE-1,7.4,ANALIS-01,83,86,25,0,0,1413.9,,,false,sintetico
CALD-DEMO-01,2026-09-25T12:00:00-03:00,2026-09-25T12:04:00-03:00,A,OP-01,estavel,10.0,185,CHAMINE-1,7.1,ANALIS-01,92,85,26,1,20,1445.5,,,false,sintetico
CALD-DEMO-01,2026-09-25T14:00:00-03:00,2026-09-25T14:08:00-03:00,B,OP-02,estavel,9.9,185,CHAMINE-1,7.3,ANALIS-01,112,85,25,0,0,1479.0,,,false,sintetico
CALD-DEMO-01,2026-09-25T16:00:00-03:00,2026-09-25T16:03:00-03:00,B,OP-02,estavel,10.2,187,CHAMINE-1,8.1,ANALIS-01,84,86,27,1,20,1512.5,,,false,sintetico
CALD-DEMO-01,2026-09-25T18:00:00-03:00,2026-09-25T18:05:00-03:00,B,OP-02,estavel,10.0,189,CHAMINE-1,7.4,ANALIS-01,93,84,25,0,0,1544.0,,,false,sintetico
CALD-DEMO-01,2026-09-25T20:00:00-03:00,2026-09-25T20:06:00-03:00,B,OP-02,estavel,9.9,182,CHAMINE-1,7.3,ANALIS-01,49,84,23,1,20,1575.1,,,false,sintetico
CALD-DEMO-01,2026-09-25T22:00:00-03:00,2026-09-25T22:08:00-03:00,C,OP-03,estavel,9.9,185,CHAMINE-1,7.2,ANALIS-01,88,85,20,0,0,1603.2,,,false,sintetico
CALD-DEMO-01,2026-09-26T00:00:00-03:00,2026-09-26T00:02:00-03:00,C,OP-03,estavel,9.9,185,CHAMINE-1,7.2,ANALIS-01,80,84,19,1,20,1631.3,,,false,sintetico
CALD-DEMO-01,2026-09-26T02:00:00-03:00,2026-09-26T02:03:00-03:00,C,OP-03,estavel,10.0,188,CHAMINE-1,7.2,ANALIS-01,75,84,17,0,0,1659.5,,,false,sintetico
CALD-DEMO-01,2026-09-26T04:00:00-03:00,2026-09-26T04:04:00-03:00,C,OP-03,estavel,10.1,185,CHAMINE-1,7.5,ANALIS-01,89,85,17,1,20,1687.1,,,false,sintetico
CALD-DEMO-01,2026-09-26T06:00:00-03:00,2026-09-26T06:05:00-03:00,A,OP-01,estavel,9.8,188,CHAMINE-1,7.4,ANALIS-01,90,85,19,0,0,1714.2,,,false,sintetico
CALD-DEMO-01,2026-09-26T08:00:00-03:00,2026-09-26T08:04:00-03:00,A,OP-01,estavel,10.0,187,CHAMINE-1,7.5,ANALIS-01,89,85,22,1,20,1742.7,,,false,sintetico
CALD-DEMO-01,2026-09-26T10:00:00-03:00,2026-09-26T10:08:00-03:00,A,OP-01,estavel,9.7,185,CHAMINE-1,7.1,ANALIS-01,98,84,24,0,0,1774.2,,,false,sintetico
CALD-DEMO-01,2026-09-26T12:00:00-03:00,2026-09-26T12:02:00-03:00,A,OP-01,estavel,10.0,187,CHAMINE-1,7.4,ANALIS-01,90,84,26,1,20,1805.0,,,false,sintetico
CALD-DEMO-01,2026-09-26T14:00:00-03:00,2026-09-26T14:03:00-03:00,B,OP-02,estavel,9.8,190,CHAMINE-1,7.6,ANALIS-01,63,85,28,0,0,1837.5,,,false,sintetico
CALD-DEMO-01,2026-09-26T16:00:00-03:00,2026-09-26T16:08:00-03:00,B,OP-02,estavel,10.0,189,CHAMINE-1,7.3,ANALIS-01,23,85,26,1,20,1869.1,,,false,sintetico
CALD-DEMO-01,2026-09-26T18:00:00-03:00,2026-09-26T18:04:00-03:00,B,OP-02,estavel,10.1,189,CHAMINE-1,7.6,ANALIS-01,56,86,26,0,0,1899.6,,,false,sintetico
CALD-DEMO-01,2026-09-26T20:00:00-03:00,2026-09-26T20:08:00-03:00,B,OP-02,estavel,10.0,184,CHAMINE-1,7.4,ANALIS-01,71,86,24,1,20,1929.8,,,false,sintetico
CALD-DEMO-01,2026-09-26T22:00:00-03:00,2026-09-26T22:04:00-03:00,C,OP-03,estavel,9.9,185,CHAMINE-1,7.5,ANALIS-01,39,84,22,0,0,1959.7,,,false,sintetico
CALD-DEMO-01,2026-09-27T00:00:00-03:00,2026-09-27T00:07:00-03:00,C,OP-03,estavel,10.0,187,CHAMINE-1,7.5,ANALIS-01,81,85,18,1,20,1988.3,,,false,sintetico
CALD-DEMO-01,2026-09-27T02:00:00-03:00,2026-09-27T02:06:00-03:00,C,OP-03,estavel,10.1,182,CHAMINE-1,8.4,ANALIS-01,84,85,18,0,0,2014.9,,,false,sintetico
CALD-DEMO-01,2026-09-27T04:00:00-03:00,2026-09-27T04:03:00-03:00,C,OP-03,estavel,10.2,182,CHAMINE-1,7.7,ANALIS-01,75,86,17,1,20,2040.4,,,false,sintetico
CALD-DEMO-01,2026-09-27T06:00:00-03:00,2026-09-27T06:07:00-03:00,A,OP-01,estavel,9.9,185,CHAMINE-1,7.4,ANALIS-01,77,85,19,0,0,2067.6,,,false,sintetico
CALD-DEMO-01,2026-09-27T08:00:00-03:00,2026-09-27T08:02:00-03:00,A,OP-01,estavel,9.9,189,CHAMINE-1,7.2,ANALIS-01,69,85,21,1,20,2095.9,,,false,sintetico
CALD-DEMO-01,2026-09-27T10:00:00-03:00,2026-09-27T10:02:00-03:00,A,OP-01,estavel,9.9,189,CHAMINE-1,7.7,ANALIS-01,82,86,23,0,0,2126.4,,,false,sintetico
CALD-DEMO-01,2026-09-27T12:00:00-03:00,2026-09-27T12:06:00-03:00,A,OP-01,estavel,9.8,183,CHAMINE-1,7.4,ANALIS-01,78,86,27,1,20,2159.0,,,false,sintetico
CALD-DEMO-01,2026-09-27T14:00:00-03:00,2026-09-27T14:04:00-03:00,B,OP-02,estavel,9.8,189,CHAMINE-1,8.0,ANALIS-01,68,85,27,0,0,2190.9,,,false,sintetico
CALD-DEMO-01,2026-09-27T16:00:00-03:00,2026-09-27T16:02:00-03:00,B,OP-02,estavel,9.9,186,CHAMINE-1,7.6,ANALIS-01,76,84,28,1,20,2222.9,,,false,sintetico
CALD-DEMO-01,2026-09-27T18:00:00-03:00,2026-09-27T18:07:00-03:00,B,OP-02,estavel,10.1,182,CHAMINE-1,7.2,ANALIS-01,83,84,27,0,0,2254.2,,,false,sintetico
CALD-DEMO-01,2026-09-27T20:00:00-03:00,2026-09-27T20:04:00-03:00,B,OP-02,estavel,9.9,188,CHAMINE-1,7.5,ANALIS-01,95,86,25,1,20,2284.8,,,false,sintetico
CALD-DEMO-01,2026-09-27T22:00:00-03:00,2026-09-27T22:04:00-03:00,C,OP-03,estavel,9.9,190,CHAMINE-1,7.4,ANALIS-01,56,85,20,0,0,2313.8,,,false,sintetico
CALD-DEMO-01,2026-09-28T00:00:00-03:00,2026-09-28T00:08:00-03:00,C,OP-03,estavel,10.0,186,CHAMINE-1,7.4,ANALIS-01,107,87,19,1,20,2341.5,,,false,sintetico
CALD-DEMO-01,2026-09-28T02:00:00-03:00,2026-09-28T02:08:00-03:00,C,OP-03,estavel,9.9,187,CHAMINE-1,7.3,ANALIS-01,92,85,18,0,0,2368.2,,,false,sintetico
CALD-DEMO-01,2026-09-28T04:00:00-03:00,2026-09-28T04:05:00-03:00,C,OP-03,estavel,9.9,187,CHAMINE-1,7.8,ANALIS-01,95,85,16,1,20,2393.6,,,false,sintetico
CALD-DEMO-01,2026-09-28T06:00:00-03:00,2026-09-28T06:08:00-03:00,A,OP-01,estavel,10.1,188,CHAMINE-1,7.5,ANALIS-01,75,86,19,0,0,2420.4,,,false,sintetico
